"","pixel_x","pixel_y"
"2x36",197.957095162316,540.448956294412
"2x52",197.332095162316,780.673956294412
"2x58",197.357095162316,870.636456294412
"2x60",196.832095162316,902.011456294412
"3x55",210.682095162316,825.661456294412
"3x57",210.832095162316,855.611456294412
"3x59",211.119595162316,886.186456294412
"4x34",224.869595162316,510.123956294412
"4x36",224.869595162316,540.311456294412
"4x44",224.944595162316,660.498956294412
"4x46",224.332095162316,690.286456294412
"4x48",224.694595162316,720.311456294412
"4x50",224.282095162316,750.473956294412
"4x56",223.769595162316,840.073956294412
"4x58",224.394595162316,870.398956294412
"4x62",224.044595162316,930.598956294412
"5x27",238.207095162316,404.748956294412
"5x33",238.169595162316,495.023956294412
"5x43",238.094595162316,645.411456294412
"5x49",237.807095162316,735.311456294412
"5x61",238.144595162316,915.686456294412
"6x52",250.994595162316,780.148956294412
"7x25",264.819595162316,374.798956294412
"7x27",264.894595162316,404.811456294412
"7x31",264.757095162316,464.698956294412
"7x33",264.669595162316,494.736456294412
"7x49",264.869595162316,735.173956294412
"7x55",264.169595162316,825.423956294412
"8x20",278.482095162316,300.036456294412
"8x32",278.194595162316,479.748956294412
"8x52",278.319595162316,780.836456294412
"8x60",278.307095162316,901.136456294412
"9x21",291.607095162316,314.986456294412
"9x51",291.619595162316,765.761456294412
"10x30",304.719595162316,449.661456294412
"10x60",305.182095162316,900.398956294412
"10x62",304.907095162316,930.436456294412
"11x23",318.594595162316,343.898956294412
"11x27",318.269595162316,404.248956294412
"11x29",317.857095162316,434.536456294412
"11x31",318.482095162316,464.373956294412
"11x53",318.657095162316,795.073956294412
"11x59",318.569595162316,885.598956294412
"12x22",331.894595162316,328.723956294412
"12x34",331.919595162316,509.148956294412
"12x36",332.157095162316,539.436456294412
"12x48",332.182095162316,719.923956294412
"12x58",332.044595162316,870.286456294412
"12x60",332.294595162316,900.486456294412
"13x25",345.394595162316,374.011456294412
"13x31",345.582095162316,464.061456294412
"13x33",345.469595162316,494.386456294412
"14x24",358.732095162316,359.811456294412
"14x36",359.019595162316,539.886456294412
"15x35",372.544595162316,524.961456294412
"15x37",372.244595162316,554.886456294412
"15x53",372.032095162316,795.586456294412
"15x59",372.494595162316,886.173956294412
"16x24",385.869595162316,359.848956294412
"16x32",385.682095162316,479.523956294412
"16x34",385.744595162316,510.036456294412
"16x36",386.269595162316,540.023956294412
"17x35",399.494595162316,524.573956294412
"17x37",399.357095162316,554.898956294412
"17x51",399.319595162316,765.298956294412
"19x31",426.744595162316,464.423956294412
"20x32",440.444595162316,479.448956294412
"20x48",440.532095162316,719.986456294412
"20x52",440.682095162316,780.223956294412
"20x58",440.357095162316,870.323956294412
"21x29",454.007095162316,434.948956294412
"21x37",453.882095162316,555.086456294412
"21x51",454.019595162316,765.486456294412
"22x32",467.944595162316,478.161456294412
"22x34",467.619595162316,509.161456294412
"22x52",467.569595162316,780.298956294412
"22x54",466.894595162316,810.011456294412
"22x56",467.544595162316,839.498956294412
"23x35",481.157095162316,525.298956294412
"23x43",481.082095162316,645.286456294412
"23x51",481.044595162316,765.298956294412
"23x53",480.819595162316,795.173956294412
"24x44",494.869595162316,660.223956294412
"24x48",494.232095162316,719.386456294412
"24x54",494.432095162316,810.148956294412
"25x35",508.032095162316,524.798956294412
"25x41",508.157095162316,614.548956294412
"25x51",507.819595162316,764.848956294412
"25x59",508.282095162316,884.623956294412
"25x61",507.782095162316,913.936456294412
"26x46",522.132095162316,689.798956294412
"26x50",522.469595162316,750.273956294412
"26x56",521.832095162316,840.398956294412
"26x58",521.882095162316,871.011456294412
"26x60",522.344595162316,900.223956294412
"26x62",522.169595162316,930.248956294412
"27x59",535.782095162316,885.748956294412
"27x61",536.144595162316,915.573956294412
"28x46",548.657095162316,689.898956294412
"28x54",549.269595162316,810.473956294412
"28x62",549.044595162316,930.061456294412
"29x39",562.869595162316,584.661456294412
"29x55",561.969595162316,825.598956294412
"30x50",575.944595162316,750.798956294412
"30x56",575.869595162316,840.886456294412
"30x62",575.269595162316,931.036456294412
"31x49",589.569595162316,735.673956294412
"31x51",589.644595162316,765.636456294412
"31x61",589.757095162316,915.936456294412
"32x32",603.157095162316,479.786456294412
"32x36",603.407095162316,540.423956294412
"32x38",602.819595162316,570.186456294412
"32x52",603.119595162316,780.723956294412
"32x54",602.982095162316,810.823956294412
"33x31",616.319595162316,465.286456294412
"33x37",616.294595162316,555.723956294412
"33x49",616.644595162316,735.811456294412
"33x53",616.644595162316,796.023956294412
"33x57",616.544595162316,856.286456294412
"34x32",630.357095162316,481.061456294412
"34x36",629.644595162316,541.061456294412
"34x52",630.382095162316,781.723956294412
"34x60",630.282095162316,901.923956294412
"35x31",643.744595162316,465.973956294412
"35x37",643.544595162316,556.123956294412
"35x61",643.744595162316,917.073956294412
"36x30",657.144595162316,450.823956294412
"36x32",657.357095162316,480.723956294412
"36x44",657.619595162316,661.373956294412
"36x54",656.207095162316,811.423956294412
"37x31",670.919595162316,465.848956294412
"37x35",670.332095162316,525.711456294412
"37x37",670.669595162316,555.948956294412
"37x45",670.894595162316,676.223956294412
"37x51",670.782095162316,766.386456294412
"37x53",670.332095162316,796.161456294412
"37x57",669.969595162316,856.186456294412
"38x30",683.907095162316,449.561456294412
"38x32",683.794595162316,479.436456294412
"38x36",684.232095162316,539.248956294412
"38x44",684.107095162316,659.586456294412
"38x50",683.632095162316,750.773956294412
"38x56",683.619595162316,839.848956294412
"38x58",683.894595162316,871.236456294412
"39x31",696.807095162316,464.861456294412
"39x33",697.194595162316,495.461456294412
"39x35",697.607095162316,524.923956294412
"39x37",696.682095162316,554.698956294412
"39x47",697.757095162316,704.473956294412
"39x59",697.432095162316,885.711456294412
"40x34",710.519595162316,509.911456294412
"40x50",710.682095162316,750.361456294412
"40x62",710.682095162316,931.311456294412
"41x39",724.394595162316,585.098956294412
"41x47",724.244595162316,704.386456294412
"41x49",724.082095162316,735.036456294412
"43x49",751.169595162316,735.961456294412
"43x53",751.232095162316,795.948956294412
"44x44",765.132095162316,660.611456294412
"44x48",764.819595162316,720.661456294412
"44x52",765.182095162316,780.936456294412
"44x56",764.807095162316,840.773956294412
"45x47",778.332095162316,705.698956294412
"45x49",778.319595162316,735.936456294412
"45x53",778.682095162316,796.373956294412
"45x55",778.319595162316,826.061456294412
"46x50",791.207095162316,750.373956294412
"46x52",791.507095162316,780.373956294412
"46x54",790.944595162316,810.561456294412
"47x49",804.782095162316,735.323956294412
"47x51",804.807095162316,765.123956294412
"47x53",804.919595162316,795.536456294412
"48x50",818.157095162316,750.161456294412
"50x56",844.807095162316,839.811456294412
"52x50",871.957095162316,750.261456294412
"55x61",913.294595162316,916.336456294412
"56x52",926.794595162316,781.098956294412
"57x47",939.832095162316,705.511456294412
"57x61",940.282095162316,916.423956294412
"58x48",953.294595162316,720.686456294412
"58x56",952.994595162316,841.161456294412
"58x58",953.557095162316,871.561456294412
"60x44",980.557095162316,661.148956294412
"60x62",979.757095162316,931.398956294412
"61x45",993.857095162316,675.573956294412
"62x46",1006.98209516232,689.636456294412
"62x48",1007.39459516232,719.186456294412
"62x58",1007.40709516232,869.798956294412
"63x47",1020.74459516232,704.061456294412
"63x59",1020.66959516232,885.286456294412
"64x50",1033.91959516232,750.811456294412
"65x49",1048.06959516232,734.523956294412
