Stromasubtype,Feature,Effect Size,Pvalue,Stroma subtype
,Basophils,1.0001849572567048,0.005908521088524292,IM
,Heme metabolism,1.0000343444691413,0.5710393758981633,IM
,Immune1,460.6532673616835,2.753622898266644e-12,IM
,WNT beta catenin signaling,0.9997305472349641,0.013679733192667682,IM
,Th1 cells,97955037446865.98,6.255262118606548e-10,IM
,Estrogen response early,0.008967883529195107,0.0005668410903275737,IM
,IFNAR2,39458.04799673186,1.8281666256374394e-06,IM
,PIK3CA,2.3832271762639353e-10,2.3162438599589128e-06,IM
,B7-H4,0.042705010321918646,0.0013016873265128425,IM
,VEGFA,1.1476808723739819e-07,2.3313280008941457e-08,IM
,Stroma2,1.8412231313570552e-08,1.6168611833775834e-09,IM
,Trop-2,0.9996368329097569,0.006831666563921106,IM
,CCR4,1.0000031450306013,0.6435133613756331,IM
,detox-iCAF,0.9995012408319933,0.004733554823098052,IM
,CDK12,1.6726508198156048e-05,0.0010401299462162884,IM
,GMP,0.9999972558000221,0.05755873919821758,IM
,TGFβ-myCAF,0.06837847774330183,4.474578084030136e-06,IM
,Fibroblasts,2.389695126726612e-07,2.81638216931336e-06,IM
,CD73,7.893205975835088e-07,0.00039597238633569024,IM
,E2F targets,1.000303942181023,0.0653013606420069,IM
,HDAC1,1.0001332311743527,0.05651763394202998,IM
,Myocytes,0.9999930578375649,0.0062029249890255805,IM
,Endothelial cells,0.9999278725653558,0.005490490650370487,IM
,Th2 cells,109975.17584933907,0.0003401267848184071,IM
,BARD1,4.094778736742163e-08,0.00562677023633888,IM
,TLR2,1.0000325641290568,0.12163194252764718,IM
,GITR,1.0001123625151307,0.00439168191182403,IM
,MLH1,1.64378467279423e-08,0.003496070233797382,IM
,Eosinophils,1.0000012727502625,0.3263765400561758,IM
,CD8+ Tem,9.527533089716331e+26,1.9020000758740147e-06,IM
,PI3K AKT mTOR signaling,1.0001566206886703,0.11597433334282302,IM
,ecm-myCAF,0.02746764675824834,3.72039697831162e-07,IM
,PD1,12039901189672.684,1.1395542827407381e-10,IM
,IL6 JAK STAT3 signaling,35.99664552598731,1.0716779643380684e-07,IM
,Pericytes,0.9999785616679107,0.33430436519977547,IM
,VCpred TN,95.70242072150445,3.526601072205994e-11,IM
,MTOR,1.0000067961925927,0.8170071156569523,IM
,PDGFRB,0.0005269094435133767,2.674887847397874e-08,IM
,NECTIN4,0.9998708479942698,0.1002361119129782,IM
,G2M checkpoint,1.0002119586076101,0.15321349380272176,IM
,KRAS signaling,1.0001355607718447,0.04783454331667741,IM
,Preadipocytes,0.9999966822533848,0.18268864694156273,IM
,Macrophages,11983386790813.232,1.7845104343602366e-09,IM
,POLH,4.920974427878894e-07,0.003321139768149992,IM
,5T4,0.0003476613651761837,7.07857577458374e-05,IM
,AR gene,0.9995782033864515,0.0023652658565986415,IM
,CD4+ memory T-cells,6000136281007.928,0.02764749288635464,IM
,RAD51C,1.0000822770927282,0.0048527565300876905,IM
,Tregs,1.0000066728819732,0.05808524183124258,IM
,MYC targets v2,1.0003361504519608,0.02938261130070819,IM
,NOTCH signaling,0.9997529792663523,0.026001470488025015,IM
,TF,1.000102644711355,0.1399043366401551,IM
,CD8+ Tcm,618805139588887.8,1.2008417505965766e-09,IM
,NKT,0.9999640044622883,0.4249183711766277,IM
,Mast cells,45941044516927.8,0.11877673153831879,IM
,FOXP3,16408.78328559182,4.306688617100002e-06,IM
,PMS1,8.690149717950394e-10,0.0014541024707889977,IM
,Apical junction,0.0005509226755568297,2.0362408263696954e-05,IM
,IL-iCAF,0.9999730864668783,0.9047306045114575,IM
,ATR,2.7284447219467482e-08,2.901179758621274e-05,IM
,CXCR4,32.48700687607899,4.1084276353803524e-05,IM
,FLT4,2.09694155015814e-12,0.0009023153867614934,IM
,Bile acid metabolism,0.9998361460371691,0.03877126599483449,IM
,DNMT3B,0.9999862248730501,0.01195600783964502,IM
,GGI,1.0000312378844094,0.3630198124616336,IM
,Complement,30.258289828405122,7.315494744767279e-06,IM
,iDC,7.707454049082999,0.004913370045879561,IM
,BRCA2,0.9999773547997182,0.48756417972445776,IM
,ERBB3,0.9997366682643303,0.2673847520609818,IM
,Fatty acid metabolism,0.9998925146438226,0.23448017528146925,IM
,CD137,15142812654512.168,9.836058824796502e-10,IM
,PSMA,1.0000051274329305,0.44843804083018146,IM
,Myogenesis,0.0003187964684681941,1.2184037986749432e-08,IM
,NK cells,1.0000023356384509,0.8637895410813446,IM
,Xenobiotic metabolism,0.25697283692384365,0.2639582012392816,IM
,FANCA,1.000113230504525,0.011425823169232473,IM
,RB1,1.8566102286210052e-09,0.001338343389691569,IM
,Class-switched memory B-cells,108032879.67550647,2.4758061313326658e-05,IM
,IFNAR1,1.0000173365866623,0.8857964806963378,IM
,CIN70,1.0000080472217892,0.8294260616023671,IM
,Immune2,1202630.1163937876,3.6564535323345086e-12,IM
,cDC,5267.416682458032,0.00017668497556151813,IM
,AR,0.9995782033864515,0.0023652658565986415,IM
,ESR1 gene,0.9999333544714603,0.059688811201280736,IM
,PALB2,0.9999798744663959,0.05861574015929342,IM
,Hedgehog signaling,0.0005639667222731068,8.601831149843352e-08,IM
,AKT1,0.0061084767503857594,0.0037742220535946494,IM
,BRCA1,0.9999578177653798,0.7617308593438651,IM
,Interferon alpha response,7.926890557347425,2.2468456470060874e-10,IM
,Coagulation,0.9998595755382771,0.2605620568037572,IM
,NTRK3,0.9999788776064467,0.25386076165015037,IM
,CCND1,0.9999643510003454,0.719548055924393,IM
,Apoptosis,1.0000363671546455,0.8108146214238597,IM
,CCL5,127.3210693668993,6.417058060574534e-12,IM
,Mitotic spindle,0.11299227695981033,0.010427671539740257,IM
,CDK2,0.9999828292131243,0.24728038245492145,IM
,CD27,7813.95088352509,4.026800142094104e-08,IM
,RAD50,0.00028451311258901533,2.0362408263696954e-05,IM
,Oxidative phosphorylation,4.2853862406226755,0.0985979232032583,IM
,CDK6,0.9998809562381703,0.12552204314118923,IM
,mTORC1 signaling,1.0002204800463186,0.06414530380369746,IM
,naive B-cells,42052924.528893895,0.005558253560313622,IM
,CD8+ T-cells,443512442.1090864,2.0533380248546531e-07,IM
,pDC,1044338.7122073204,2.457266306549815e-12,IM
,Epithelial cells,6.526196545233779e-06,0.008263564038269094,IM
,Trm,404.9402243765843,2.2811964250235433e-09,IM
,LIV-1,2.783702019102755e-05,3.577275180146642e-05,IM
,TP53,0.9999203371136202,0.1002361119129782,IM
,Smooth muscle,0.999889904053746,0.0026982916168788247,IM
,TLS ST,6.250612157940762,5.373212090575562e-10,IM
,CD47,10.2435711320886,0.0037742220535946494,IM
,Memory B-cells,11901107.662610373,3.2243241196993546e-10,IM
,PDGFC,6.169275536661682e-16,1.8956684864338963e-05,IM
,CSF1R,12.5612610981448,0.00256025051553024,IM
,TLS Cabrita,25.131116536363802,4.288244656215964e-09,IM
,CCNE1,1.0000437544427079,0.05059512740229612,IM
,TLR3,1.0000134366933908,0.01741654661694698,IM
,ERBB2,0.047274208966515845,0.0017609806758347717,IM
,TTK,0.9999559767763463,0.06887301039922762,IM
,PGR,0.9999910601387094,0.18532275920010033,IM
,Angiogenesis,0.01444395247478633,3.879950669466342e-07,IM
,DNA repair,1.0001420752371226,0.0985979232032583,IM
,ATM,0.09092676591670942,0.055492250628283606,IM
,MYC targets v1,1.000214921295555,0.13359241515476078,IM
,CMP,0.9999936274798343,0.03184123423938322,IM
,GENE70,0.9999670368202456,0.13777535422710188,IM
,Androgen response,0.9996529337233097,0.0036793460079422723,IM
,DNMT1,0.9998668200263414,0.08624945359757753,IM
,wound-myCAF,0.07103631169891908,2.9281485384995267e-06,IM
,CD4+ naive T-cells,3503950.9145228923,1.7679608246897654e-08,IM
,MPP,1.609928303969639e+21,0.0013016873265128425,IM
,MSH6,0.9999251131711512,0.07388333051737085,IM
,Neurons,0.9999979671497867,3.4200710402957125e-07,IM
,p53 pathway,0.9999880586603747,0.9872676194533235,IM
,MSH2,0.9999280212321521,0.0008768689291974335,IM
,Apical surface,0.999933879780975,0.5602435640592998,IM
,LAG3,9822.4667438395,5.154849570544408e-13,IM
,EGFR,0.9999504976100948,0.00035066941144011094,IM
,Inflammatory response,162.7407538641465,8.175525606435466e-07,IM
,CD4+ Tem,196505072.6456724,0.000329881267435902,IM
,NKG2A,54571740944851.32,0.3263765400561758,IM
,MSH3,2.6448882415352163e-12,0.00031025078604842023,IM
,FANCM,0.9999683833803675,0.005099341544902313,IM
,Epithelial mesenchymal transition,0.022683909070887517,3.515473874886061e-08,IM
,CD134,1776.6801525436167,4.1084276353803524e-05,IM
,TLS Lundeberg,1.0000030009795893,9.836058824796502e-10,IM
,ESR1,0.9999333544714603,0.059688811201280736,IM
,NBN,4.529319260766366e-06,0.0022429330239551143,IM
,GPNMB,0.9999890248625024,0.9872676194533235,IM
,Interferon gamma response,60.00677473834944,2.4918802187603044e-10,IM
,CD4+ Tcm,1.000002468981694,0.6899236014419857,IM
,CD40,38108.54263183547,5.4212753130548344e-11,IM
,Parpi7,1.0000060866814329,0.6095841149063019,IM
,TIGIT,1875989867297.6538,8.752213528471806e-11,IM
,ADA,1673717.728714172,1.0257069521473633e-07,IM
,VISTA,237.66294227825816,2.2270135395946897e-06,IM
,Peroxisome,0.9998806301370039,0.11597433334282302,IM
,CDK4,0.99996525593737,0.968176140030276,IM
,CLP,0.9999949918678297,0.3443872247033991,IM
,Normal Fibroblast,0.9997160610812217,0.02998143298150643,IM
,B7-H3,0.014453612489146497,1.8956684864338963e-05,IM
,pro B-cells,124813152035663.95,5.2745672793932607e-08,IM
,NTRK1,0.9999971069194429,0.38444793657675835,IM
,ICOS,3306525.4479197576,2.8400996770780398e-11,IM
,CAF,0.9995508467142861,0.0013759497405138289,IM
,DC,805864474260.7274,6.031669006533583e-08,IM
,PTEN,0.00020666326506886928,1.6417650975375935e-05,IM
,Hypoxia,0.0020990752403243843,1.2278237738567173e-05,IM
,Estrogen response late,0.9998193551756155,0.0125078901876708,IM
,Monocytes,1.0000309758628518,0.0607781272895693,IM
,Protein secretion,0.0613275921687101,0.0009552738181263187,IM
,IDO1,267583.57866456825,3.5352601641560874e-09,IM
,TLR7,1.0000879636762248,0.0009023153867614934,IM
,PIK3CG,0.9999970036323484,0.3303250581350854,IM
,IL2RA,644604.0623715528,1.0602590963808274e-05,IM
,EMSY,3.4244532570089164e-05,0.015965168830923433,IM
,PLK4,0.9999881387480348,0.8669273381068334,IM
,CTLA4,374068681624374.06,4.870546614333858e-11,IM
,aDC,9142.579437825041,1.5609263151137714e-10,IM
,TAM,7.619053264669428,3.722153578203085e-11,IM
,TGF beta signaling,0.03451576276954484,2.408901526621045e-06,IM
,MLH3,7.98802777077122e-10,6.618830944490725e-05,IM
,MSC,0.9998504829241113,0.04108523709733406,IM
,Neutrophils,0.9999987181275293,0.533694891417529,IM
,Cholesterol homeostasis,0.07468417682864986,0.018184695552882282,IM
,Unfolded protein response,1.0001500533416865,0.14644326813028122,IM
,IL2 STAT5 signaling,48.27834598301364,0.0006376167251428773,IM
,IFNGR1,0.9999972133617736,0.8732091785543693,IM
,Tgd cells,1.0000006359258238,0.5956855068300358,IM
,B-cells,8099.481313633585,2.2468456470060874e-10,IM
,CHEK2,1.000009903939737,0.10875502212549076,IM
,PMS2,0.9999811139863501,0.009730765644514014,IM
,CDKN2A,1.0002859987488195,0.12356504287704502,IM
,CD4+ T-cells,3.5018051334450268e+16,0.882646824672846,IM
,MYC,0.9998899035949583,0.021111662980052275,IM
,FLT1,5.046082726104264e-09,2.2270135395946897e-06,IM
,DCIR,2407311.8234104547,7.230513443972055e-07,IM
,VEGFB,0.9997315560431882,0.005766094070713993,IM
,Adipogenesis,0.9998212336270941,0.04874032533137299,IM
,CD96,2884827773.053721,1.1425102909274451e-09,IM
,Plasma cells,55716524405144.695,3.278822356663503e-07,IM
,CXCL12,0.9997639268411608,0.0029181377455937446,IM
,ABRAXAS1,2.536445407664687e-09,0.0023033556702615086,IM
,KDR,1.304089979563694e-32,8.989577288757412e-08,IM
,CD8+ naive T-cells,6.779877209547008e+20,1.3923450507091526e-07,IM
,DNMT3A,0.9999949603645026,0.8294260616023671,IM
,RAD51D,0.999959220411701,0.04874032533137299,IM
,Stroma1,0.00030937025701425813,1.3377442938266161e-08,IM
,CDKN2C,0.9999758381323843,0.23448017528146925,IM
,TRDMT1,0.999959941135528,0.002183965930350128,IM
,Reactive oxygen species pathway,4.484617960171914,0.05651763394202998,IM
,CD39,155.53140640295373,0.0005186377564320865,IM
,NTRK2,0.9999823048701184,0.5284624637714371,IM
,PDGFRA,1.1560258198776294e-08,6.132903659096335e-07,IM
,PD-L1,648324381568167.1,1.119640163348205e-07,IM
,IFNγ-iCAF,13.245675710927248,9.237420789832682e-05,IM
,TNFA signaling via NF-kB,1.00018920167278,0.13777535422710188,IM
,Glycolysis,0.012657028841449465,0.001962033724570897,IM
,BRIP1,0.9999593593289363,0.27784734694909097,IM
,TIM3,72517.33835406047,3.4200710402957125e-07,IM
,TLS Meylan,9.390669928425323,3.013027352371072e-07,IM
,CD40L,1470620876670393.2,1.454119453659414e-07,IM
,Adipocytes,0.9999041281061989,0.0014541024707889977,IM
,Basophils,0.9998597521556746,0.007213346599165296,M
,Heme metabolism,0.9999247448823976,0.1288522458424098,M
,Immune1,0.0007566056828437658,8.182528236324647e-06,M
,WNT beta catenin signaling,1.0000924417950792,0.27402158554163447,M
,Th1 cells,0.9999623971016346,0.08730259187081174,M
,Estrogen response early,0.9999889787500391,0.9154245842987188,M
,IFNAR2,0.9999302946726062,0.16096756954025182,M
,PIK3CA,1.0000500272772526,0.18434809692120802,M
,B7-H4,1.000177626594937,0.04645578127526437,M
,VEGFA,1.0003179900893069,0.0001208485756139173,M
,Stroma2,1.000047368949191,0.10647917286095153,M
,Trop-2,1.000008346892995,0.7988179178961806,M
,CCR4,0.9999960148735383,0.5034618308577306,M
,detox-iCAF,0.9996742535336416,0.01220045301815611,M
,CDK12,245.34555737831803,0.1160101741957321,M
,GMP,1.0000039468908348,0.004070076140008924,M
,TGFβ-myCAF,0.999822696163846,0.19510438242913675,M
,Fibroblasts,0.9999879670511724,0.9154245842987188,M
,CD73,1.0001128699523503,0.007685310487450523,M
,E2F targets,1.000247173891495,0.04361437383161372,M
,HDAC1,0.9999774552522294,0.5663239449400068,M
,Myocytes,3.4696150992993694e+37,0.050694261616300994,M
,Endothelial cells,0.9999605514998819,0.044732816293313306,M
,Th2 cells,1.0000206400000464,0.5449574678398377,M
,BARD1,165970.2649023196,0.0007612761412747438,M
,TLR2,1.0000099864813612,0.8734338811620458,M
,GITR,0.9999830288143716,0.07791720688314085,M
,MLH1,1.0000035546116177,0.32855459302994094,M
,Eosinophils,0.9999998406092887,0.36387813853103235,M
,CD8+ Tem,0.9999808653866162,0.0023454619669943224,M
,PI3K AKT mTOR signaling,0.9998243100895715,0.013344778252344756,M
,ecm-myCAF,0.9999685765738461,0.8734338811620458,M
,PD1,2.2211712085259117e-21,2.6792829253374326e-06,M
,IL6 JAK STAT3 signaling,0.0049949201708171815,0.00010154181054654467,M
,Pericytes,1.000015506191436,0.2787071199890089,M
,VCpred TN,0.00017110344757932785,1.4654930472264085e-07,M
,MTOR,1.0000323159860842,0.6943669431680901,M
,PDGFRB,1.000036135891816,0.5449574678398377,M
,NECTIN4,1.0000989065281243,0.7101192252309518,M
,G2M checkpoint,1.00024538444428,0.03548874776587864,M
,KRAS signaling,7.500882899211378e-05,0.0005799055519802516,M
,Preadipocytes,1.0000032383154742,0.7022270952132738,M
,Macrophages,0.9999518312720812,0.0019989618756710422,M
,POLH,1.0000456429461726,0.017366542818606733,M
,5T4,1.0000399610890025,0.21798395843833596,M
,AR gene,0.999818212577589,0.06310090164516648,M
,CD4+ memory T-cells,0.9999957269401527,0.5239990762347159,M
,RAD51C,1.0000045799853965,0.8152664378601786,M
,Tregs,1.0000036149242508,0.3582943450838091,M
,MYC targets v2,1.0001940873842423,0.08344441009571295,M
,NOTCH signaling,1.000150776832911,0.08344441009571295,M
,TF,1.000271654934382,0.12358880030624274,M
,CD8+ Tcm,0.9999473261205434,0.009861963847056841,M
,NKT,0.9999956866945726,0.595422767855216,M
,Mast cells,0.9999952603186287,0.30294953161485705,M
,FOXP3,9.686054779089874e-14,1.4714924904649005e-05,M
,PMS1,1.0000363025155474,0.026448925937132498,M
,Apical junction,1.0000147605185326,0.40148563637081147,M
,IL-iCAF,0.9996147364695449,0.00017766899100146377,M
,ATR,2947.4784095688683,0.013344778252344756,M
,CXCR4,0.9998317758153636,0.026448925937132498,M
,FLT4,0.9999787239902979,0.11116406487605032,M
,Bile acid metabolism,0.9998876990774118,0.06617446059151175,M
,DNMT3B,1.0000126616567682,0.07018879402473076,M
,GGI,1.000051664965605,0.01892553116307404,M
,Complement,0.007057157474931172,0.0011992228710210819,M
,iDC,0.9998637614320891,0.21798395843833596,M
,BRCA2,1.000013318737978,0.4833576841267736,M
,ERBB3,1.0001261265263361,0.39555263393092577,M
,Fatty acid metabolism,0.9999189855920088,0.23427163936763684,M
,CD137,0.9999806880488243,0.01295321254778136,M
,PSMA,1.0000120018173324,0.46694291566451984,M
,Myogenesis,1.0000750801492986,0.1878836370804876,M
,NK cells,0.9999999412514288,0.37235523677616134,M
,Xenobiotic metabolism,0.999854459815016,0.011143941693165514,M
,FANCA,1.0000697738352349,0.07614245249222376,M
,RB1,0.9999863693422284,0.27402158554163447,M
,Class-switched memory B-cells,0.9999614664451563,0.007213346599165296,M
,IFNAR1,0.999967547856278,0.807031511181052,M
,CIN70,1.000064919094544,0.0059495277677955585,M
,Immune2,6.256828156789158e-05,1.7832468645308668e-05,M
,cDC,0.999942656270924,0.009271650518170957,M
,AR,0.999818212577589,0.06310090164516648,M
,ESR1 gene,0.9999772655263094,0.1160101741957321,M
,PALB2,2012145967975.6428,0.02717908892008298,M
,Hedgehog signaling,1.0001177195722326,0.11116406487605032,M
,AKT1,0.999962872809256,0.8317967818365045,M
,BRCA1,1.0001359498933704,0.010485535345612184,M
,Interferon alpha response,0.02880667700787423,0.0004952318773232565,M
,Coagulation,0.9998744532296743,0.09335845912555737,M
,NTRK3,1.0000797540024116,0.0975797300835702,M
,CCND1,1.000073167723639,0.8567301910555958,M
,Apoptosis,0.9997798104187666,0.0013403133811703152,M
,CCL5,0.0011911544732856937,2.0679467577769028e-07,M
,Mitotic spindle,1.0002252945883308,0.03279395407317841,M
,CDK2,1.0000200406877597,0.23847494799534086,M
,CD27,1.7592583771773137e-35,2.9634933781774285e-08,M
,RAD50,1.000025676794601,0.47020092503958577,M
,Oxidative phosphorylation,0.9999222729522858,0.4900102525346619,M
,CDK6,1.000141083067363,0.15781906581888716,M
,mTORC1 signaling,0.9999840057044379,0.7581000911607553,M
,naive B-cells,0.9999927157998177,0.2787071199890089,M
,CD8+ T-cells,0.9999363595617802,0.01220045301815611,M
,pDC,8.646455424341115e-17,1.4253435618650363e-06,M
,Epithelial cells,1.0000179397870066,0.16416329591402223,M
,Trm,0.023274407754959096,0.0008540871111976703,M
,LIV-1,1.0000768678337788,0.17742519035905013,M
,TP53,0.9999779045929476,0.5034618308577306,M
,Smooth muscle,1.0000745499437425,0.007445975372901992,M
,TLS ST,0.0013061286855906402,2.7470296596403964e-07,M
,CD47,0.0007723307834741294,0.004280041047069313,M
,Memory B-cells,0.9998427065710169,3.3456790254434956e-07,M
,PDGFC,1.000036078874153,0.09974684555390091,M
,CSF1R,0.019343650416315108,0.003495057047574509,M
,TLS Cabrita,0.0012835152405981248,3.6391593382636445e-07,M
,CCNE1,1.0000124083396258,0.3079614070315867,M
,TLR3,1.465087732682943e-58,3.958382970459103e-05,M
,ERBB2,1.000176704532499,0.28344686641071637,M
,TTK,941457.2777708865,0.005221689359164438,M
,PGR,0.999999741222972,0.588084356479139,M
,Angiogenesis,1.0001450400082037,0.15781906581888716,M
,DNA repair,1.0000114972657492,0.8567301910555958,M
,ATM,0.999967157965761,0.4900102525346619,M
,MYC targets v1,1.0001709947154545,0.15781906581888716,M
,CMP,1.0000033820649188,0.47675445053111754,M
,GENE70,35408027998.872406,0.00018534286724947028,M
,Androgen response,0.9999861644444864,0.9154245842987188,M
,DNMT1,1.000119755396359,0.17069778076509734,M
,wound-myCAF,0.9998440739463698,0.38967292107363927,M
,CD4+ naive T-cells,6.620771746725837e-10,3.1295421038146714e-06,M
,MPP,0.999992734644646,0.04823427340561598,M
,MSH6,834.5116941410439,0.004425424269180555,M
,Neurons,1.00000339797191,0.0016694844440417627,M
,p53 pathway,0.9999016047575301,0.11849471399653086,M
,MSH2,1.000057497266295,0.0014427181824476852,M
,Apical surface,1.0000374265377947,0.595422767855216,M
,LAG3,0.9995881658633713,0.0009216771417792472,M
,EGFR,0.9999866464109273,0.7419921041721016,M
,Inflammatory response,0.005690745179281393,0.00013175299516698602,M
,CD4+ Tem,0.9999513111152858,0.000238334153734467,M
,NKG2A,0.9999947955205043,0.07269185952163877,M
,MSH3,1.0000086312091212,0.6787455755407981,M
,FANCM,1.0000125770559496,0.2979921860310948,M
,Epithelial mesenchymal transition,1.000184900004339,0.11849471399653086,M
,CD134,0.9998174095007593,1.0906937946967409e-06,M
,TLS Lundeberg,0.9999999696683665,1.033516921253242e-06,M
,ESR1,0.9999772655263094,0.1160101741957321,M
,NBN,1.0000659842005455,0.21798395843833596,M
,GPNMB,0.9999279669091438,0.26028922220518946,M
,Interferon gamma response,0.010058098952866756,4.7537354333300666e-05,M
,CD4+ Tcm,0.9999966556767327,0.4508421203320515,M
,CD40,1.4730926479656179e-05,5.4473085403435556e-05,M
,Parpi7,0.9999942319651525,0.4967117685049207,M
,TIGIT,1.8527586632822107e-27,8.552568423846857e-07,M
,ADA,0.9998850512304179,0.006767561519878996,M
,VISTA,0.0015021538359548273,1.7832468645308668e-05,M
,Peroxisome,0.9999350838812516,0.37235523677616134,M
,CDK4,0.9999928876003374,0.8317967818365045,M
,CLP,1.0000077717705245,0.0770256638924611,M
,Normal Fibroblast,0.9997785017960892,0.0059495277677955585,M
,B7-H3,1.0001964374981995,0.0393739146160903,M
,pro B-cells,0.9999550566325988,9.719172451911756e-05,M
,NTRK1,0.9999967171039892,0.5591572943909588,M
,ICOS,1.5054673784324588e-25,5.485427008026699e-06,M
,CAF,0.9997936764491653,0.03457021562696014,M
,DC,0.9999651741530209,8.901398451334183e-05,M
,PTEN,0.9999929212477355,0.8734338811620458,M
,Hypoxia,1.000118515445497,0.055930179241916816,M
,Estrogen response late,1.000011271356397,0.9407404908579982,M
,Monocytes,0.9999825561430057,0.0975797300835702,M
,Protein secretion,1.0001374595108907,0.17069778076509734,M
,IDO1,0.9999219749893219,0.00019744000412099893,M
,TLR7,6.805878378187723e-11,0.0006779036616480259,M
,PIK3CG,0.9999946342540347,0.26028922220518946,M
,IL2RA,0.9999857457321545,0.04945143639160681,M
,EMSY,1.0000157184783391,0.7022270952132738,M
,PLK4,223121435945317.4,0.1288522458424098,M
,CTLA4,8.462331274426938e-22,1.2725501786813758e-05,M
,aDC,6.906474720258057e-06,3.440871045550818e-07,M
,TAM,0.038750510992553784,4.144453476830326e-05,M
,TGF beta signaling,1.0000758146998054,0.45724442162388046,M
,MLH3,0.9999953064098461,0.6251853128314162,M
,MSC,0.9999750730034614,0.5807880332080196,M
,Neutrophils,1.0000033190479483,0.011143941693165514,M
,Cholesterol homeostasis,0.9999758047269509,0.5239990762347159,M
,Unfolded protein response,0.9999817630895576,0.807031511181052,M
,IL2 STAT5 signaling,0.0052844814683983155,0.0004952318773232565,M
,IFNGR1,0.9999215408550616,0.025735772521470513,M
,Tgd cells,1.0000000699644405,0.5555905548334015,M
,B-cells,6.897529429711345e-16,2.4528790836333243e-07,M
,CHEK2,1.000004810014997,0.3780740644186318,M
,PMS2,0.9999965516632386,0.7299844183431056,M
,CDKN2A,1.0002611912821069,0.07791720688314085,M
,CD4+ T-cells,0.9999963276213578,0.47020092503958577,M
,MYC,1.0000514523338713,0.06617446059151175,M
,FLT1,1.000093237179655,0.026448925937132498,M
,DCIR,0.9999647115693558,0.006767561519878996,M
,VEGFB,0.9999152351640427,0.19146896852111295,M
,Adipogenesis,0.9998928862395767,0.18086204974867126,M
,CD96,1.4449355754488616e-27,4.4237645277224154e-07,M
,Plasma cells,0.9999587771724593,0.00018534286724947028,M
,CXCL12,0.9999085532025146,0.07614245249222376,M
,ABRAXAS1,27403111928.681892,0.05458070205527919,M
,KDR,1.0000177909202739,0.8985932522014307,M
,CD8+ naive T-cells,0.9999720790100267,0.002387179887232062,M
,DNMT3A,33.87478536015145,0.051963147019262745,M
,RAD51D,1.0000089326800334,0.5735343747735173,M
,Stroma1,1.00004849876565,0.47675445053111754,M
,CDKN2C,1.0000240613395222,0.6251853128314162,M
,TRDMT1,3662873929.8659344,0.020605550369503126,M
,Reactive oxygen species pathway,0.9998403490149016,0.04945143639160681,M
,CD39,0.00017788734750713922,4.5417775477406894e-05,M
,NTRK2,1.000068839723794,0.6787455755407981,M
,PDGFRA,1.0000693427495781,0.10880167352218593,M
,PD-L1,0.9999788526860937,0.00038180446964652633,M
,IFNγ-iCAF,0.006102759879846148,5.768792049999226e-06,M
,TNFA signaling via NF-kB,0.999804565427052,0.036428022024614946,M
,Glycolysis,1.0001557364135611,0.01220045301815611,M
,BRIP1,1.000054418222194,0.055930179241916816,M
,TIM3,0.9999260248254694,0.01687251355498593,M
,TLS Meylan,0.03395472134180073,2.4528790836333243e-07,M
,CD40L,0.9999603857778167,5.674866552103854e-07,M
,Adipocytes,0.999970243091596,0.588084356479139,M
,Basophils,0.9998853736993315,0.142610623780997,MSL
,Heme metabolism,0.9999972207147173,0.9318184708274291,MSL
,Immune1,0.9998264108836088,0.031202208550245053,MSL
,WNT beta catenin signaling,12.082434340952233,0.0008242913367699994,MSL
,Th1 cells,4.909605026716766e-10,3.0599667259143943e-06,MSL
,Estrogen response early,6.813452294732485,0.09916414306578854,MSL
,IFNAR2,0.9999009759487654,0.17347061446053735,MSL
,PIK3CA,2540.0517175081563,0.00045175601511016615,MSL
,B7-H4,1.0001012140952763,0.11524971218079373,MSL
,VEGFA,1.0001390609723022,0.02409586082301302,MSL
,Stroma2,971916.0748906325,2.2177182311956614e-07,MSL
,Trop-2,1.0000466191900834,0.44129143405376026,MSL
,CCR4,1.0000029961052548,0.7088952254460024,MSL
,detox-iCAF,14.17847182628085,1.166756299732109e-06,MSL
,CDK12,1241.6667445236276,0.0032001054197006253,MSL
,GMP,1.0000006711719807,0.3710752828096806,MSL
,TGFβ-myCAF,71.09835035081134,1.3050091952488073e-09,MSL
,Fibroblasts,20572.329734352603,1.5201895275988037e-07,MSL
,CD73,19.91098873639945,0.0001889103637394966,MSL
,E2F targets,0.16451643546999786,0.002016204091276488,MSL
,HDAC1,0.9998959966682447,0.2594049581142821,MSL
,Myocytes,1.0000022110900169,0.16150555474641515,MSL
,Endothelial cells,1576920519.8551657,8.628255225628659e-06,MSL
,Th2 cells,7.276085561610683e-08,0.0006574618924767968,MSL
,BARD1,1.000015039435961,0.8034431648590581,MSL
,TLR2,1.0000099530879345,0.3082467603894402,MSL
,GITR,1.0000043442487971,0.9503849483808234,MSL
,MLH1,1.0000400919152075,0.0021243098695776647,MSL
,Eosinophils,0.9999994868537966,0.5570471668917594,MSL
,CD8+ Tem,0.9999687778734794,0.04436848634241293,MSL
,PI3K AKT mTOR signaling,1.0000456614677264,0.5389141568564041,MSL
,ecm-myCAF,16.75729429619205,1.7250295511542083e-07,MSL
,PD1,0.999921414765777,0.08849980629013592,MSL
,IL6 JAK STAT3 signaling,1.0000095033985124,0.968978401061416,MSL
,Pericytes,150.86055195289657,0.046464620406478294,MSL
,VCpred TN,0.9997326798748442,0.15017445525873024,MSL
,MTOR,0.9999470420621334,0.17594116189640807,MSL
,PDGFRB,851.3929118550533,3.089391399681616e-09,MSL
,NECTIN4,0.9999280321238416,0.9441926278464632,MSL
,G2M checkpoint,0.22778491361508868,0.011733927602854409,MSL
,KRAS signaling,82.46697673270715,0.0038111150049849715,MSL
,Preadipocytes,0.9999979179592856,0.6241274776313728,MSL
,Macrophages,0.9999302922118203,0.005233902631093105,MSL
,POLH,931.2989719588763,0.06641838409967041,MSL
,5T4,1.0000989984887496,0.0005697522766714055,MSL
,AR gene,1.0000070212269336,0.0012472978412794845,MSL
,CD4+ memory T-cells,0.999991122555991,0.4141103001946552,MSL
,RAD51C,0.9999392770832254,0.03855291845872266,MSL
,Tregs,0.9999931221150328,0.013978193391681768,MSL
,MYC targets v2,0.062439264327937644,0.0004017152002452511,MSL
,NOTCH signaling,1.0001728017277638,0.11082991590025261,MSL
,TF,0.9997828215403018,0.2279802919470696,MSL
,CD8+ Tcm,0.9999182278008879,0.006407561946394454,MSL
,NKT,4.417492279783238,0.29014783356177565,MSL
,Mast cells,1.0000017777070114,0.5888070572460137,MSL
,FOXP3,0.999986186053942,0.6801709556893353,MSL
,PMS1,1.0000236471092618,0.262704923518738,MSL
,Apical junction,54.90620160676334,1.3747337503830841e-05,MSL
,IL-iCAF,35.1603049416464,1.3747337503830841e-05,MSL
,ATR,1.0000432065627487,0.23099490300517234,MSL
,CXCR4,0.9997921170977655,0.06086441217978858,MSL
,FLT4,2547600162457376.0,1.759474032999016e-05,MSL
,Bile acid metabolism,11.81228187665739,0.06875387228595722,MSL
,DNMT3B,0.9999992545595882,0.5312344600831522,MSL
,GGI,2.1384854381850825e-06,0.008763121332335396,MSL
,Complement,0.9999896696908479,0.9627782087356735,MSL
,iDC,1.000024989592534,0.8094655407634074,MSL
,BRCA2,334.80936915840584,0.48391920878565,MSL
,ERBB3,0.373303983108987,0.02409586082301302,MSL
,Fatty acid metabolism,1.0000033248801359,0.9503849483808234,MSL
,CD137,0.9999518217959049,0.05183754026693367,MSL
,PSMA,5.71937580579991,0.7944315460032905,MSL
,Myogenesis,68.97506779772692,3.219974864571338e-07,MSL
,NK cells,1.0000004062515162,0.9256373783758377,MSL
,Xenobiotic metabolism,8.702565401539648,0.06757782771318055,MSL
,FANCA,0.004689571190790411,0.004417228109229009,MSL
,RB1,240635707.86204413,0.00011808344573726666,MSL
,Class-switched memory B-cells,0.9999919348518419,0.7854472799081111,MSL
,IFNAR1,0.9999514264035811,0.5914910187227029,MSL
,CIN70,8.929889702964369e-05,0.02772527401640737,MSL
,Immune2,0.9998471754677082,0.040036574861883875,MSL
,cDC,4.832315586986416,0.876381089046592,MSL
,AR,1.0000070212269336,0.0012472978412794845,MSL
,ESR1 gene,1.0000010676147808,0.01962839121940109,MSL
,PALB2,0.9999992443622405,0.5236106576942416,MSL
,Hedgehog signaling,124.6351858413998,2.4907785585463808e-05,MSL
,AKT1,1.0000898557476443,0.1966568620725998,MSL
,BRCA1,0.9999757559868769,0.564908423007652,MSL
,Interferon alpha response,0.9994905270711439,0.046464620406478294,MSL
,Coagulation,34.57746739768247,0.0004651450422252236,MSL
,NTRK3,0.9999906662337154,0.12739067751935343,MSL
,CCND1,1.0003173686878823,0.10570403838793416,MSL
,Apoptosis,11.859520121529835,0.001676374031766339,MSL
,CCL5,0.9995020845344953,0.07238326862858388,MSL
,Mitotic spindle,1.0001555025111415,0.15017445525873024,MSL
,CDK2,0.9999942987500662,0.9194607714547474,MSL
,CD27,0.9999382099772386,0.968978401061416,MSL
,RAD50,10.564764596463938,0.008371300957031499,MSL
,Oxidative phosphorylation,0.10641942589754488,0.009815274976249823,MSL
,CDK6,1.000051999942047,0.11258150134927006,MSL
,mTORC1 signaling,0.9996984899451434,0.01428382146435513,MSL
,naive B-cells,0.9999916679081535,0.6801709556893353,MSL
,CD8+ T-cells,0.9999209831237574,0.15689799179299246,MSL
,pDC,0.9998717388654407,0.08996412983993042,MSL
,Epithelial cells,1.000007812012555,0.9627782087356735,MSL
,Trm,0.999751197375337,0.1161500851991695,MSL
,LIV-1,1.0000436492062144,0.004310499729107946,MSL
,TP53,1.0000703614600892,0.03928880052381693,MSL
,Smooth muscle,1.0000208073429808,0.8397400736120398,MSL
,TLS ST,0.9997803412254049,0.43669153792490856,MSL
,CD47,0.9999257313094657,0.31569109631345527,MSL
,Memory B-cells,0.9999204759445958,0.27108126321556014,MSL
,PDGFC,8880.557920059246,0.0020696095571797,MSL
,CSF1R,1.0001793874090819,0.2727782517712708,MSL
,TLS Cabrita,0.9998023321068232,0.3628136223412246,MSL
,CCNE1,8.099396427317101e-05,0.006637695977142587,MSL
,TLR3,5659516588374.919,0.06527537625672161,MSL
,ERBB2,1.0000670432764223,0.4275750835169928,MSL
,TTK,1.0000027563324512,0.6491031768625473,MSL
,PGR,7.258982765159353e+22,0.12546060697804232,MSL
,Angiogenesis,35.325836771881576,1.1217629492098272e-06,MSL
,DNA repair,0.9998025067085738,0.026115787669576195,MSL
,ATM,12.257726674508577,0.0015894480912845912,MSL
,MYC targets v1,0.1585347956954721,0.009596256026953623,MSL
,CMP,3.235093757072717e+36,0.19936699660628343,MSL
,GENE70,1.0000096575356505,0.44129143405376026,MSL
,Androgen response,7.082830230364729,0.031202208550245053,MSL
,DNMT1,1.0000665595762634,0.27619399316859494,MSL
,wound-myCAF,45.183986833298256,2.2404791901417224e-08,MSL
,CD4+ naive T-cells,0.9999964579403994,0.9318184708274291,MSL
,MPP,0.9999931807881556,0.5389141568564041,MSL
,MSH6,0.999945908826102,0.43669153792490856,MSL
,Neurons,1.0000011692181243,0.0006299123808306426,MSL
,p53 pathway,12.178216386740058,0.04820098947048527,MSL
,MSH2,1.0000203781623802,0.5337881798721875,MSL
,Apical surface,11.977445836852857,0.043958979046045475,MSL
,LAG3,0.04308306439778219,0.0005224905994807827,MSL
,EGFR,1.0000555844232175,0.0015066889331205116,MSL
,Inflammatory response,0.9999764219505003,0.8948065879251254,MSL
,CD4+ Tem,0.9999570860617972,0.5110302139477051,MSL
,NKG2A,1.0000003666566555,0.5861287321623824,MSL
,MSH3,1542207.7593554368,0.005491078294674327,MSL
,FANCM,966720845.7419765,0.02458770801760491,MSL
,Epithelial mesenchymal transition,58.40189364417002,2.0400381947715114e-07,MSL
,CD134,8.124852824350413,0.19397380731463798,MSL
,TLS Lundeberg,0.9999996647017703,0.7974324361805162,MSL
,ESR1,1.0000010676147808,0.01962839121940109,MSL
,NBN,1.000080231939631,0.014912811363677588,MSL
,GPNMB,1.6301089800557274,0.43669153792490856,MSL
,Interferon gamma response,0.9996345934268289,0.17594116189640807,MSL
,CD4+ Tcm,0.9999968648493861,0.613162114699177,MSL
,CD40,0.9998265681115084,0.07362737538807446,MSL
,Parpi7,1.0000010932493721,0.8641339077178272,MSL
,TIGIT,0.9999288326568193,0.10486830610274284,MSL
,ADA,0.9999156932749348,0.08996412983993042,MSL
,VISTA,1.0000335808831804,0.7380395334502894,MSL
,Peroxisome,1.0000458627826088,0.464703018776064,MSL
,CDK4,1.0000026374782034,0.4505740061089406,MSL
,CLP,0.999999390057815,0.5363480867364959,MSL
,Normal Fibroblast,26.60300769520325,7.738093702594169e-06,MSL
,B7-H3,1.0002828484974486,0.01226277859659868,MSL
,pro B-cells,0.9999498113384212,0.05772073027104782,MSL
,NTRK1,229127056938850.6,0.2402083450760828,MSL
,ICOS,0.9998993520270267,0.08146392362794122,MSL
,CAF,63.074121214987144,6.243270456640076e-09,MSL
,DC,0.9999903672066535,0.6973530141362418,MSL
,PTEN,2821.095739914117,1.5286119580872926e-05,MSL
,Hypoxia,13.448581986309964,0.001087984807620776,MSL
,Estrogen response late,1.0000414739674355,0.42305873640322744,MSL
,Monocytes,1.000011628669759,0.38794543420315286,MSL
,Protein secretion,1.00021188778012,0.11980695945815761,MSL
,IDO1,0.999898381310848,0.11980695945815761,MSL
,TLR7,0.9999769921243487,0.4790751275315298,MSL
,PIK3CG,813676258656495.0,0.07362737538807446,MSL
,IL2RA,0.999951864610863,0.4986095177068919,MSL
,EMSY,172.2139030423292,0.02664307109617078,MSL
,PLK4,0.9999964268651733,0.6631533695609586,MSL
,CTLA4,0.9999313453369942,0.08146392362794122,MSL
,aDC,0.9999108507153279,0.3710752828096806,MSL
,TAM,0.9995362154370547,0.07115642675019032,MSL
,TGF beta signaling,23.45263446557828,2.171680977988709e-06,MSL
,MLH3,310287.10160893,0.023137707219990915,MSL
,MSC,1.0001020858449048,0.14367290602727287,MSL
,Neutrophils,0.9999988925153724,0.37945269792041547,MSL
,Cholesterol homeostasis,1.0000795586396514,0.262704923518738,MSL
,Unfolded protein response,0.9997626114379846,0.025088229922387486,MSL
,IL2 STAT5 signaling,1.0000523230776073,0.5861287321623824,MSL
,IFNGR1,1.0001344594915755,0.009381605089174773,MSL
,Tgd cells,1.0000002278250841,0.16621456250535993,MSL
,B-cells,0.9998479505640018,0.2402083450760828,MSL
,CHEK2,0.9999968052575299,0.34663899172203594,MSL
,PMS2,99749958983552.44,0.0034934724765056943,MSL
,CDKN2A,0.9996642912596068,0.06641838409967041,MSL
,CD4+ T-cells,0.9999983497026421,0.9937941788402779,MSL
,MYC,1.0000847641084196,0.053740222130515526,MSL
,FLT1,1.0000850809013633,0.0008717388473489206,MSL
,DCIR,0.0038074973893629607,0.2433362806780447,MSL
,VEGFB,14.48099026169216,0.001547559118584312,MSL
,Adipogenesis,3.4501442018894974,0.19397380731463798,MSL
,CD96,0.9999521857388478,0.3290004488917305,MSL
,Plasma cells,0.9999503458484605,0.044781208171116554,MSL
,CXCL12,1744.9188315022388,4.6530485992520134e-07,MSL
,ABRAXAS1,1.000022493158307,0.008965110671974395,MSL
,KDR,206576252.472419,3.090012775256416e-07,MSL
,CD8+ naive T-cells,0.9999690469795558,0.07877978707976649,MSL
,DNMT3A,0.9999668534210404,1.0,MSL
,RAD51D,617.5435367567952,0.0048685076100396536,MSL
,Stroma1,1806.687203053168,6.5399814877742425e-09,MSL
,CDKN2C,1.0000222144791087,0.052781716098340155,MSL
,TRDMT1,1.0000168430549525,0.028845173336553894,MSL
,Reactive oxygen species pathway,0.40209346234310184,0.20486893362268943,MSL
,CD39,1.0000623778821849,0.23710885261863202,MSL
,NTRK2,1.000037959785109,0.037116250773216064,MSL
,PDGFRA,112175.48390319858,6.182753392623612e-08,MSL
,PD-L1,0.999980114131447,0.31009686746902243,MSL
,IFNγ-iCAF,1.0003088523116712,0.1023925518143741,MSL
,TNFA signaling via NF-kB,1.0002436289533672,0.04235271812056003,MSL
,Glycolysis,0.9999938385893605,1.0,MSL
,BRIP1,0.9999961473425116,0.7380395334502894,MSL
,TIM3,0.9998819526123294,0.03928880052381693,MSL
,TLS Meylan,0.9999080699583168,0.876381089046592,MSL
,CD40L,0.9999828849486413,0.2937091727336941,MSL
,Adipocytes,215110.43223456215,0.00015195780891670026,MSL
,Basophils,1.0000456425744004,0.4282993391526291,LAR
,Heme metabolism,1.0000407704177234,0.27688462929710933,LAR
,Immune1,0.9998763528429387,0.007550074212854745,LAR
,WNT beta catenin signaling,0.999823133184383,0.0037080581054751913,LAR
,Th1 cells,0.9999589104909441,0.004869019228666623,LAR
,Estrogen response early,1.0001616841156986,0.0013533227352660775,LAR
,IFNAR2,0.9999021645385918,0.0002763859206522546,LAR
,PIK3CA,1.0000193658087677,0.11814493652889868,LAR
,B7-H4,0.9999253692971909,0.2898090587711528,LAR
,VEGFA,1.0000016186698726,0.5500538886110609,LAR
,Stroma2,1.000008431964197,0.5122829711736683,LAR
,Trop-2,1.000221217191394,0.012463858087866118,LAR
,CCR4,0.9999985522540478,0.7296088427971066,LAR
,detox-iCAF,1.0000742972420391,0.38358179032578865,LAR
,CDK12,0.9999864904585043,0.8233567791826765,LAR
,GMP,0.9999993672602706,0.3345808002290769,LAR
,TGFβ-myCAF,1.000103563387958,0.30994623955228207,LAR
,Fibroblasts,1.0000314330805462,0.3238726009579106,LAR
,CD73,0.9999492984976531,0.011486615210127473,LAR
,E2F targets,0.9998360805177942,0.08014723930457264,LAR
,HDAC1,0.9999606346753649,0.08789146757213757,LAR
,Myocytes,0.9999983931675152,0.06217471915882733,LAR
,Endothelial cells,0.9999891461856422,0.4848690803094934,LAR
,Th2 cells,0.9999797601369599,0.054523348347435524,LAR
,BARD1,0.9999954229370324,0.7459054527070904,LAR
,TLR2,0.9999691432804927,0.011023985520467263,LAR
,GITR,0.9999067303760752,0.003080456491967737,LAR
,MLH1,1.0000129302280718,0.037426914950615946,LAR
,Eosinophils,0.99999991692135,0.17811591366543078,LAR
,CD8+ Tem,0.9999904981789712,0.6814725653014345,LAR
,PI3K AKT mTOR signaling,1.0000435596891184,0.4848690803094934,LAR
,ecm-myCAF,1.0001805452855659,0.07296682714569981,LAR
,PD1,0.9999685839230082,0.04767398444934807,LAR
,IL6 JAK STAT3 signaling,0.999757313964572,0.0018207409286003797,LAR
,Pericytes,0.9999673042339243,0.01926769742374748,LAR
,VCpred TN,0.9998396403471422,0.06632159718226362,LAR
,MTOR,0.999991080943276,0.834582719893242,LAR
,PDGFRB,0.9999736673595754,0.7242032502422314,LAR
,NECTIN4,1.0000208941421251,0.39950148547934516,LAR
,G2M checkpoint,0.9998498474861713,0.08014723930457264,LAR
,KRAS signaling,0.9999190164749945,0.030197674264990655,LAR
,Preadipocytes,0.999998422660165,0.9712785461408048,LAR
,Macrophages,0.999977412568687,0.06018312815831757,LAR
,POLH,0.9999774854809755,0.04931465948812529,LAR
,5T4,1.0000320812170223,0.5792547416152465,LAR
,AR gene,186.86497873334804,1.95326554730024e-05,LAR
,CD4+ memory T-cells,0.9999951081146818,0.4116980905740947,LAR
,RAD51C,0.9999809116710261,0.46704428576222357,LAR
,Tregs,0.9999986508837635,0.20502362280575936,LAR
,MYC targets v2,0.9998080573851083,0.02161277629393547,LAR
,NOTCH signaling,0.9999314543330612,0.20246173866436723,LAR
,TF,0.9998976220620281,0.1875789751153203,LAR
,CD8+ Tcm,0.999973425608119,0.04767398444934807,LAR
,NKT,0.9999705622228109,0.5597065306072802,LAR
,Mast cells,0.9999965613849432,0.30994623955228207,LAR
,FOXP3,0.9999592651461089,0.02244785934868533,LAR
,PMS1,1.0000104957918192,0.10831494493553948,LAR
,Apical junction,0.9999584198403236,0.46704428576222357,LAR
,IL-iCAF,0.9999567241901973,0.5694405979121626,LAR
,ATR,1.000008517907205,0.11814493652889868,LAR
,CXCR4,0.999933440798883,0.20760899428932966,LAR
,FLT4,0.9999928730611802,0.6604743587388119,LAR
,Bile acid metabolism,1.0001473477234442,0.0006947301184792514,LAR
,DNMT3B,1.000004746281074,0.10212934243782283,LAR
,GGI,0.9999653120914243,0.02244785934868533,LAR
,Complement,0.9998625054427965,0.02244785934868533,LAR
,iDC,0.9998977555115103,0.015540949096807796,LAR
,BRCA2,0.9999880362804143,0.39950148547934516,LAR
,ERBB3,1.0004289558780546,0.00017564077901270934,LAR
,Fatty acid metabolism,690249.9207235829,0.0004785864072338025,LAR
,CD137,0.9999724117936423,0.002675092253795797,LAR
,PSMA,0.999977242137283,0.025123568678341392,LAR
,Myogenesis,0.9999806048098027,0.8684544360078064,LAR
,NK cells,0.9999999678906796,0.21550682459363824,LAR
,Xenobiotic metabolism,1.000116247746214,0.009733852402627401,LAR
,FANCA,0.9998979751554352,0.0003851265646178933,LAR
,RB1,1.0000147291427541,0.06217471915882733,LAR
,Class-switched memory B-cells,0.9999830151555649,0.13418550127757167,LAR
,IFNAR1,0.9999367520743352,0.12507795182566595,LAR
,CIN70,0.9999683701110614,0.04302484389733578,LAR
,Immune2,0.9999013907948637,0.0016505770973381656,LAR
,cDC,0.999962617469228,0.014641618160792442,LAR
,AR,186.86497873334804,1.95326554730024e-05,LAR
,ESR1 gene,735.6315697123765,0.00822354920827803,LAR
,PALB2,0.999995157313852,0.6709413420069383,LAR
,Hedgehog signaling,1.0000012242054106,0.9139843129177729,LAR
,AKT1,235.98568767025355,0.004449825676310435,LAR
,BRCA1,0.9999543829977002,0.20760899428932966,LAR
,Interferon alpha response,0.9996893469506692,0.002804451145044163,LAR
,Coagulation,0.9999561954060894,0.42411291085106073,LAR
,NTRK3,0.9999739428725662,0.20760899428932966,LAR
,CCND1,0.9998565697438317,0.33820033999003274,LAR
,Apoptosis,0.9999795453655073,0.7027204824710754,LAR
,CCL5,0.999697308615961,0.0336465596422091,LAR
,Mitotic spindle,0.9999546603681964,0.4939177972782458,LAR
,CDK2,0.9999988953666715,0.5500538886110609,LAR
,CD27,0.9999362680055509,0.041562870785660115,LAR
,RAD50,1.0000771935416477,0.0029394989101367086,LAR
,Oxidative phosphorylation,1.000096860154002,0.1690128410099293,LAR
,CDK6,0.9999579592792104,0.46704428576222357,LAR
,mTORC1 signaling,1.000031960124862,0.5991176408466501,LAR
,naive B-cells,0.9999965533293725,0.023310851770752587,LAR
,CD8+ T-cells,0.9999642170781373,0.029117668722341214,LAR
,pDC,0.9999305980672055,0.010577985589524795,LAR
,Epithelial cells,1.0000129076310529,0.3238726009579106,LAR
,Trm,0.9997986502004171,0.010577985589524795,LAR
,LIV-1,1.0001431898831812,0.12507795182566595,LAR
,TP53,1.000008697166025,0.6091634783954898,LAR
,Smooth muscle,1.0000257233896288,0.10518606192977933,LAR
,TLS ST,0.9997261436566703,0.04302484389733578,LAR
,CD47,1.00004348077042,0.2898090587711528,LAR
,Memory B-cells,0.9999467261568887,0.02705706205626765,LAR
,PDGFC,1.0000105058199076,0.09338169116807306,LAR
,CSF1R,0.9998096516975219,0.00822354920827803,LAR
,TLS Cabrita,0.9997740847343782,0.08266458515192429,LAR
,CCNE1,0.9999606275438115,0.012463858087866118,LAR
,TLR3,0.9999978254978934,0.42411291085106073,LAR
,ERBB2,1.0001248876404836,0.03486867521112043,LAR
,TTK,0.9999872711046087,0.05543458056995131,LAR
,PGR,1.0000015474952269,0.650073381141701,LAR
,Angiogenesis,0.9999449645826824,0.5891475683586801,LAR
,DNA repair,0.9999972786955608,0.834582719893242,LAR
,ATM,1.0000185500983714,0.4582700263541467,LAR
,MYC targets v1,0.9999064895937101,0.3168592336526096,LAR
,CMP,0.9999994842037272,0.37576970507785634,LAR
,GENE70,0.999960100527306,0.0005621291454639063,LAR
,Androgen response,1.0001628317992926,0.014067853066390074,LAR
,DNMT1,0.9999734318594462,0.8121668705550856,LAR
,wound-myCAF,1.0001565645702135,0.11814493652889868,LAR
,CD4+ naive T-cells,0.9999320164238515,0.004449825676310435,LAR
,MPP,0.9999960655086766,0.14379763065441814,LAR
,MSH6,1.0000065925612764,0.5694405979121626,LAR
,Neurons,0.999999797360827,0.7080697500970754,LAR
,p53 pathway,0.9999899456861938,0.834582719893242,LAR
,MSH2,1.0000009861766932,0.37576970507785634,LAR
,Apical surface,0.9999159933334897,0.05100244856939856,LAR
,LAG3,0.9997529987962482,0.0025512082907636,LAR
,EGFR,1.0000296565581472,0.03131192434497187,LAR
,Inflammatory response,0.9998103969017383,0.004063604787973123,LAR
,CD4+ Tem,0.9999818835415577,0.14183411949635744,LAR
,NKG2A,0.9999976273450951,0.14379763065441814,LAR
,MSH3,1.000016097377766,0.06217471915882733,LAR
,FANCM,1.0000000751430633,0.4410019737255152,LAR
,Epithelial mesenchymal transition,1.000005880892318,0.9254170332344954,LAR
,CD134,0.9999189385012793,0.003080456491967737,LAR
,TLS Lundeberg,0.9999999865090661,0.014641618160792442,LAR
,ESR1,735.6315697123765,0.00822354920827803,LAR
,NBN,1.0000139975180014,0.16026332428196832,LAR
,GPNMB,0.9999945731747611,0.9139843129177729,LAR
,Interferon gamma response,0.9997125924496297,0.0029394989101367086,LAR
,CD4+ Tcm,0.999998995375463,0.16459430325341096,LAR
,CD40,0.9998728712359887,0.0023190433636429255,LAR
,Parpi7,0.9999946118408116,0.27688462929710933,LAR
,TIGIT,0.999974694458339,0.08789146757213757,LAR
,ADA,0.9999200880643868,0.010577985589524795,LAR
,VISTA,0.9998409731865976,0.010577985589524795,LAR
,Peroxisome,1.0001324854178877,0.003381020863925864,LAR
,CDK4,1.0000112538254295,0.4158122113339221,LAR
,CLP,0.9999991478642178,0.9368651772509842,LAR
,Normal Fibroblast,1.0000568584435314,0.39950148547934516,LAR
,B7-H3,1.000002134904881,0.948326388341526,LAR
,pro B-cells,0.999978857643851,0.018537030159101294,LAR
,NTRK1,0.9999990914267256,0.834582719893242,LAR
,ICOS,0.999954026834865,0.006632370687281877,LAR
,CAF,1.0000107785661467,0.7788351949499207,LAR
,DC,0.9999808965315263,0.005816219685166435,LAR
,PTEN,1.0000326271221291,0.09060313066926823,LAR
,Hypoxia,1.000009889659515,0.8911745206005004,LAR
,Estrogen response late,1.0001171569671343,0.007232245657075242,LAR
,Monocytes,0.999980689532294,0.017148113293483418,LAR
,Protein secretion,1.0001417374884778,0.05100244856939856,LAR
,IDO1,0.9999565918973787,0.011253189392699134,LAR
,TLR7,1.0000132849399146,0.38358179032578865,LAR
,PIK3CG,0.9999987718892634,0.834582719893242,LAR
,IL2RA,0.9999620314799134,0.002804451145044163,LAR
,EMSY,1.0000128631302077,0.19740810376640527,LAR
,PLK4,0.999994287892941,0.3238726009579106,LAR
,CTLA4,0.9999686069388828,0.008580042125584499,LAR
,aDC,0.9998654749298322,0.01783072569498258,LAR
,TAM,0.9996498562042332,0.007880369458653332,LAR
,TGF beta signaling,1.0000220907480784,0.7242032502422314,LAR
,MLH3,1.0000201026148183,0.02080486759827942,LAR
,MSC,1.0000722359920984,0.11814493652889868,LAR
,Neutrophils,0.9999997897295959,0.8121668705550856,LAR
,Cholesterol homeostasis,1.0001008150630684,0.06018312815831757,LAR
,Unfolded protein response,1.0000387216527469,0.5122829711736683,LAR
,IL2 STAT5 signaling,0.9999231745029263,0.15601904941282477,LAR
,IFNGR1,1.0000284786216875,0.25222901681523047,LAR
,Tgd cells,0.9999999998740028,0.04931465948812529,LAR
,B-cells,0.9999117982715396,0.03612849566672204,LAR
,CHEK2,0.9999935356097809,0.1690128410099293,LAR
,PMS2,0.9999968717399359,0.7242032502422314,LAR
,CDKN2A,0.9997307378570174,0.014067853066390074,LAR
,CD4+ T-cells,0.9999979311752254,0.28007830468988615,LAR
,MYC,0.9999324945666631,0.0009013331457994278,LAR
,FLT1,0.9999823136814484,0.8798021082408639,LAR
,DCIR,0.999967177510177,0.01926769742374748,LAR
,VEGFB,1.0000814528829758,0.24049281860810612,LAR
,Adipogenesis,789.3445204558839,0.0014226114478679986,LAR
,CD96,0.9999695397624189,0.09060313066926823,LAR
,Plasma cells,0.9999836067769765,0.14778710169613368,LAR
,CXCL12,0.9999994408676304,0.7788351949499207,LAR
,ABRAXAS1,0.9999988524113398,0.9597983017674675,LAR
,KDR,0.9999961189713223,0.38358179032578865,LAR
,CD8+ naive T-cells,0.9999827839253699,0.01196639520113314,LAR
,DNMT3A,0.9999432389483611,0.09622820898228163,LAR
,RAD51D,0.999976384917501,0.014067853066390074,LAR
,Stroma1,1.000030870400381,0.4325097146130885,LAR
,CDKN2C,0.9999860343098846,0.17351977282855258,LAR
,TRDMT1,0.9999938864530777,0.4325097146130885,LAR
,Reactive oxygen species pathway,1.0000671818754123,0.2582444804718109,LAR
,CD39,0.9999449943135152,0.17811591366543078,LAR
,NTRK2,0.999957130462658,0.2643586884092535,LAR
,PDGFRA,0.9999674155021822,0.3031335953131259,LAR
,PD-L1,0.9999872629198588,0.010577985589524795,LAR
,IFNγ-iCAF,0.9997563950339483,0.011486615210127473,LAR
,TNFA signaling via NF-kB,0.9998737973445372,0.05100244856939856,LAR
,Glycolysis,1.0000854799974386,0.12507795182566595,LAR
,BRIP1,0.9999881477130474,0.27057197268193833,LAR
,TIM3,0.9999520089997594,0.01926769742374748,LAR
,TLS Meylan,0.9996302776008988,0.01783072569498258,LAR
,CD40L,0.9999873664527722,0.11814493652889868,LAR
,Adipocytes,1.0000167632560606,0.4582700263541467,LAR
