Tumorsubtype,Feature,Effect Size,Pvalue,Tumor subtype
,Basophils,0.9999268720287608,0.4077861484959223,M
,Heme metabolism,0.009735066692689085,0.006665484239790371,M
,Immune1,0.00444599284915676,0.002445777833552879,M
,WNT beta catenin signaling,1.0002071278148728,0.03981849155821683,M
,Th1 cells,0.9999589174761089,0.2902747660367423,M
,Estrogen response early,0.9999308321790485,0.41681870008988775,M
,IFNAR2,1.0001021203899014,0.1819512314183347,M
,PIK3CA,1.0000307517567824,0.18455839226714954,M
,B7-H4,1.0004404709173964,0.06266649243906339,M
,VEGFA,2.871532826151024,0.03981849155821683,M
,Stroma2,668.2641601450366,0.016209121861691794,M
,Trop-2,0.9994929578890686,0.100236247114517,M
,CCR4,0.9999983241224187,0.8399182717644862,M
,detox-iCAF,1.0001016757045986,0.20927687541221762,M
,CDK12,0.9999768288121189,0.19526373733653057,M
,GMP,0.9999985122550736,0.43290656788588044,M
,TGFβ-myCAF,1.000387693040564,0.014856495591444413,M
,Fibroblasts,14042.022330518952,0.09231377275904934,M
,CD73,0.999941460334992,0.5765268193057327,M
,E2F targets,0.9997743286043657,0.19254565223114328,M
,HDAC1,0.9998890298260391,0.22100113691409817,M
,Myocytes,1.0000075192627225,0.42827374368145643,M
,Endothelial cells,0.9999752734948648,0.04137185092339962,M
,Th2 cells,0.9999304924517463,0.43058654008807384,M
,BARD1,0.06717442873871697,0.028503047774965273,M
,TLR2,0.9998754856933524,0.006054840688196419,M
,GITR,13.944980111381511,0.7815864717764438,M
,MLH1,0.9999450703887802,0.10869158725595764,M
,Eosinophils,0.9999973712327984,0.9274154000110089,M
,CD8+ Tem,0.9999981344810805,0.6891305205314662,M
,PI3K AKT mTOR signaling,0.052884656249579255,0.0005135761007386446,M
,ecm-myCAF,5.891226659381381,0.003510780175672569,M
,PD1,0.9999674025686153,0.00275054055263182,M
,IL6 JAK STAT3 signaling,0.21852752148714855,0.04216758381858425,M
,Pericytes,1.0000178090215162,0.2760634892168071,M
,VCpred TN,0.15260472433048208,0.021380716790376654,M
,MTOR,0.9999008994627238,0.0849022168264016,M
,PDGFRB,1.0001631686952623,0.3835554304831693,M
,NECTIN4,0.9999182331083373,0.6205343425770271,M
,G2M checkpoint,0.9997629917322312,0.12338251250088512,M
,KRAS signaling,1.0000383157553443,0.5765268193057327,M
,Preadipocytes,0.9999806092972761,0.5366568842227546,M
,Macrophages,0.9999747422602435,0.0863447134330326,M
,POLH,1.0000500002939179,0.2902747660367423,M
,5T4,0.9998340612799433,0.3602272192568543,M
,AR gene,0.9994622386190003,0.002896813531831797,M
,CD4+ memory T-cells,0.9999984954357477,0.7423507991640661,M
,RAD51C,1.0000120698707589,0.7907244842075034,M
,Tregs,0.9999971536471058,0.252351913176025,M
,MYC targets v2,0.09314689986453316,0.006507843045163795,M
,NOTCH signaling,2.3431191302131373,0.49321206357153824,M
,TF,1.0003975077218816,0.012170839559115736,M
,CD8+ Tcm,0.999996826879467,0.3378104845435954,M
,NKT,0.9999826671375636,0.889745623598597,M
,Mast cells,0.9999962629333008,0.117701490215068,M
,FOXP3,0.9999959440839261,0.3201512480060319,M
,PMS1,0.9999716658016236,0.5873899966368878,M
,Apical junction,1.0001306551359292,0.1195719028926244,M
,IL-iCAF,0.9999824878907173,0.7724785135088469,M
,ATR,1.0000050412966446,0.7423507991640661,M
,CXCR4,0.9998512859258691,0.6774990757730681,M
,FLT4,1.0000310722897654,0.8213861498799963,M
,Bile acid metabolism,0.14288152326502793,0.020937221383624964,M
,DNMT3B,0.00010858343071539992,0.11402960690993802,M
,GGI,0.9999347184950836,0.09700453819804672,M
,Complement,0.9997420443806232,0.011376496884045344,M
,iDC,0.9999675761313057,0.16088422073431097,M
,BRCA2,0.9999313931024678,0.026284777235451386,M
,ERBB3,0.3694441881001631,0.001281521053293084,M
,Fatty acid metabolism,0.053168447638637276,0.009478696694140578,M
,Unnamed: 225,1.0,1.0,M
,CD137,1.000061917792283,0.01924244163244777,M
,PSMA,1.0001130404401979,0.47834095648423913,M
,Myogenesis,28.25955488939241,4.2868419528150145e-05,M
,NK cells,0.9999998078932829,0.6149539523043448,M
,Xenobiotic metabolism,0.9998208858055397,0.07277842637052279,M
,FANCA,0.9998571789677688,0.07152350734138385,M
,RB1,0.9999664380629157,0.26572153533925325,M
,Class-switched memory B-cells,0.9999834256247003,0.26572153533925325,M
,IFNAR1,0.999949622208121,0.7067155685560309,M
,CIN70,0.9999247825641159,0.09700453819804672,M
,Immune2,0.9997901199392039,0.0003276512239701861,M
,cDC,0.999978250600047,0.02523271691995801,M
,AR,0.9994622386190003,0.002896813531831797,M
,ESR1 gene,0.9999245707179722,0.0022304607775483587,M
,PALB2,0.9999812755137741,0.21802684853783771,M
,Hedgehog signaling,1.0001175137988023,0.1573659711619948,M
,AKT1,0.3880600109355179,0.20078411232903115,M
,BRCA1,0.9998285603636966,0.017668806248653433,M
,Interferon alpha response,0.13653411126524853,0.00024102628107219604,M
,Coagulation,1.0001558088793716,0.16932414898124493,M
,NTRK3,1.0001386642099486,0.018051256343200754,M
,CCND1,1.9727444541787615,0.006665484239790371,M
,Apoptosis,0.99992868879777,0.2866766199103763,M
,CCL5,0.9994321581553427,0.004626753777394208,M
,Mitotic spindle,0.9998886742530434,0.2760634892168071,M
,CDK2,0.03699735737514679,0.1819512314183347,M
,CD27,0.9999934953479765,0.1768190448821788,M
,RAD50,0.0014444440252378067,0.0023205188674319806,M
,Oxidative phosphorylation,0.22285396862073653,0.032132108455061675,M
,CDK6,1.0000919883078752,0.20358662977644149,M
,mTORC1 signaling,0.11863140293053118,0.0041883146351162975,M
,naive B-cells,0.9999986926704975,0.29390318073896804,M
,CD8+ T-cells,0.9999960323743468,0.33981054131338195,M
,pDC,0.999934825787317,2.933264337361063e-05,M
,Epithelial cells,0.9999915829287926,0.9148364778083673,M
,Trm,0.061128923031200655,0.003601034692818862,M
,LIV-1,0.9998771037391783,0.8834891292001192,M
,TP53,1.4181718299780495,0.5873899966368878,M
,Smooth muscle,1.0000787956060637,0.09542021900969036,M
,TLS ST,0.9999657530056156,0.852323181729528,M
,CD47,0.09699200248815391,0.00017076607919092916,M
,Memory B-cells,0.9999833946033343,0.29572874677077354,M
,PDGFC,1.0000072898333536,0.8772398935598168,M
,CSF1R,0.9997968925000421,0.3279239238865106,M
,TLS Cabrita,0.9999384570447957,0.7483465100565128,M
,CCNE1,0.9997673754727121,0.0390605538637618,M
,TLR3,0.999965136837046,0.005910276017392693,M
,ERBB2,1.00029669381863,0.0390605538637618,M
,TTK,0.9999300187309091,0.0863447134330326,M
,PGR,9.11846109792468e+48,0.16932414898124493,M
,Angiogenesis,1.000370423129931,0.0029344745094950133,M
,DNA repair,0.9998085514383243,0.005910276017392693,M
,ATM,0.9999920175617337,0.3988712807493241,M
,MYC targets v1,0.9997598872818496,0.0863447134330326,M
,CMP,1.0000013082592725,0.9085548069316394,M
,GENE70,1.000063998795864,0.03615016349064209,M
,Androgen response,0.9998522842650277,0.20641751489950155,M
,DNMT1,0.9998096984691774,0.023237501669946314,M
,wound-myCAF,49.336176427947365,3.370063742157431e-05,M
,CD4+ naive T-cells,0.9999914242420465,0.2150814408774543,M
,MPP,0.9999985429743071,0.6774990757730681,M
,MSH6,0.9998933425214171,0.43990989928996604,M
,Neurons,3.964588260849658e+67,0.00023366184875596164,M
,p53 pathway,0.23871297696102503,0.41228775865771183,M
,MSH2,1.0000306807297448,0.4259681922947892,M
,Apical surface,1.0000609064488173,0.565759330740841,M
,LAG3,0.999677663335279,0.1644615750867896,M
,EGFR,1.000110365835927,0.7907244842075034,M
,Inflammatory response,0.19412922940888483,0.025754101290113834,M
,CD4+ Tem,1.000004068268651,0.7724785135088469,M
,NKG2A,0.9999985884964677,0.5083272970137789,M
,MSH3,7.807854609612101e-09,0.024720493582183232,M
,FANCM,0.9999925812949251,0.581946564129755,M
,Epithelial mesenchymal transition,52.793866251803415,4.4217691399885075e-06,M
,CD134,0.9999681025541198,0.11585411463668302,M
,TLS Lundeberg,0.9999999317306344,0.0013919186458307864,M
,ESR1,0.9999245720796057,0.0022304607775483587,M
,NBN,0.9998774082093077,0.4637182929588617,M
,GPNMB,0.9999280947643192,0.7907244842075034,M
,Interferon gamma response,0.9993563990450147,0.0003928109091984414,M
,CD4+ Tcm,1.0000012907375084,0.13642410020668017,M
,CD40,0.9998635407125714,0.1768190448821788,M
,Parpi7,69270659435511.766,0.0005447453725495473,M
,TIGIT,0.9999638191328506,0.0022901360112099222,M
,ADA,0.999949734445095,0.6717118471024506,M
,VISTA,0.9999170291900518,0.3279239238865106,M
,Peroxisome,0.01803241316811961,0.0010254191641846215,M
,CDK4,0.9998474594914764,0.03088072385042836,M
,CLP,0.9999980627603774,0.6659440142112769,M
,Normal Fibroblast,1.000065298749624,0.20927687541221762,M
,B7-H3,1.0002659787369086,0.05574292219606956,M
,pro B-cells,0.9999921471809433,0.4375682617905785,M
,NTRK1,1.0000017259005898,0.3220830311295889,M
,ICOS,0.9999499362820262,0.000841082772972599,M
,CAF,1.0002817615373965,0.008640134947759047,M
,DC,0.9999924189795241,0.01924244163244777,M
,PTEN,0.9999020170780538,0.22400440073160766,M
,Hypoxia,10.150813406332436,0.029082179819581243,M
,Estrogen response late,0.9999847071727552,0.9526246064669567,M
,Monocytes,1.0000013306698585,0.08069134032451557,M
,Protein secretion,0.24539103233281848,0.09231377275904934,M
,IDO1,0.9998198830279116,0.00027694261455904153,M
,TLR7,0.9999088933052078,0.0015110281950384123,M
,PIK3CG,1.0000021226802558,0.06551221607191189,M
,IL2RA,0.9999791868083865,0.2831087137486059,M
,EMSY,1.0000400472639983,0.8834891292001192,M
,PLK4,0.9999642672764997,0.17179550679033329,M
,CTLA4,0.9999784936865495,0.038314904930685206,M
,aDC,0.9997948965517869,0.0017540890836891295,M
,TAM,0.9994533175974509,0.009924600573751238,M
,TGF beta signaling,1.0001935775881052,0.056764658115567274,M
,MLH3,1.0000690999066457,0.21216481652056862,M
,MSC,1.000011523746176,0.8306404366956162,M
,Neutrophils,1.000001464624247,0.8803635800495231,M
,Cholesterol homeostasis,0.29657012912893477,0.17937149170161937,M
,Unfolded protein response,0.05938952271649012,0.000560982624102476,M
,IL2 STAT5 signaling,0.021976829831195567,0.005630442663386422,M
,IFNGR1,0.3315756895420264,0.07932599601635805,M
,Tgd cells,1.0000004747511617,0.5262640404100046,M
,B-cells,0.9999800651523025,0.1573659711619948,M
,CHEK2,0.9999475828873091,0.1644615750867896,M
,PMS2,0.9999956771395366,0.8275529963418646,M
,CDKN2A,0.9996929037593498,0.3602272192568543,M
,CD4+ T-cells,0.9999976927816091,0.6774990757730681,M
,MYC,1.0001062497003745,0.4259681922947892,M
,FLT1,0.9999823045238819,0.12338251250088512,M
,DCIR,0.9999216219553848,0.07028637571304655,M
,VEGFB,1.0002189367551617,0.08928907495312587,M
,Adipogenesis,0.9997950867866414,0.03545214735817936,M
,CD96,0.9999683135779659,0.000375471934568007,M
,Plasma cells,0.9999943839204848,0.43058654008807384,M
,CXCL12,1.0000107521349737,0.7907244842075034,M
,ABRAXAS1,0.9999840079106214,0.6659440142112769,M
,KDR,1.000010154954007,0.3560834511121551,M
,CD8+ naive T-cells,0.9999817792987061,0.27432102859502006,M
,DNMT3A,1.0000144584892987,0.7543574776019435,M
,RAD51D,0.9999645040104986,0.6149539523043448,M
,Stroma1,706.3466667899423,0.00034815450884922457,M
,CDKN2C,1.0000418103560917,0.2831087137486059,M
,TRDMT1,1.000008541149349,0.5134191620013556,M
,Reactive oxygen species pathway,0.1045916807086342,0.00884331271221893,M
,CD39,0.9999011406900549,0.009924600573751238,M
,NTRK2,13.205232786830825,0.00015038462740329722,M
,PDGFRA,54.34055339022322,0.002260117952838167,M
,PD-L1,0.999963028578269,0.026018269611987995,M
,IFNγ-iCAF,0.225642247533461,0.03027087881852111,M
,TNFA signaling via NF-kB,0.999855392080343,0.2831087137486059,M
,Glycolysis,0.9999760942501665,0.7543574776019435,M
,BRIP1,1.0000108902299487,0.637406013405055,M
,TIM3,0.9998642143880202,0.00523306725250751,M
,TLS Meylan,0.9999137056911735,0.12146552111835278,M
,CD40L,0.9999874133845386,0.0007393509590311017,M
,Adipocytes,1.0000023731041587,0.26913879342952207,M
,Basophils,1.0000194401915894,0.733979797428763,LAR
,Heme metabolism,1.0001311675513687,0.00575946762301812,LAR
,Immune1,0.9999076096238313,0.055930179241916816,LAR
,WNT beta catenin signaling,0.00541803040188198,0.0007612761412747438,LAR
,Th1 cells,0.9999486124601976,0.008445225465049876,LAR
,Estrogen response early,3787.426469100606,1.2121412909909042e-05,LAR
,IFNAR2,0.00017575049672229268,0.0002589515811182023,LAR
,PIK3CA,0.999941639343552,0.011838815348445457,LAR
,B7-H4,0.09740357700777177,0.0006648627017610078,LAR
,VEGFA,1.0000315645308628,0.8400904276452995,LAR
,Stroma2,0.9999712855226405,0.14865338444028092,LAR
,Trop-2,1.0002286322010605,0.3838466762838739,LAR
,CCR4,1.0000037691190204,0.7061692104589958,LAR
,detox-iCAF,1.000084976214665,0.2219774641011133,LAR
,CDK12,0.9999339347470958,0.09974684555390091,LAR
,GMP,1.000003305904379,0.5449574678398377,LAR
,TGFβ-myCAF,1.0000531425747254,0.6176845713560558,LAR
,Fibroblasts,0.999990604880119,0.07614245249222376,LAR
,CD73,1.0000413580437622,0.010485535345612184,LAR
,E2F targets,0.9995618486246958,0.0001208485756139173,LAR
,HDAC1,0.010647293428894714,0.003869502773618266,LAR
,Myocytes,0.9999963199068306,0.6327250686764693,LAR
,Endothelial cells,1.0000031286039055,0.5171059205556208,LAR
,Th2 cells,0.9998914317229686,0.002304412625208194,LAR
,BARD1,0.9999828263012784,0.5663239449400068,LAR
,TLR2,1.0000250427738118,0.23427163936763684,LAR
,GITR,0.9999703285872582,0.2025265856559486,LAR
,MLH1,1.0000566410134895,0.014159418511954727,LAR
,Eosinophils,1.0000036987971441,0.40747173621682975,LAR
,CD8+ Tem,0.9999956606767753,0.4508421203320515,LAR
,PI3K AKT mTOR signaling,1.000167122467691,0.010169495079857503,LAR
,ecm-myCAF,1.000038623775401,0.8818074152864508,LAR
,PD1,0.9999811061695258,0.013746769886407977,LAR
,IL6 JAK STAT3 signaling,0.9998559747350082,0.10880167352218593,LAR
,Pericytes,0.9999916916538506,0.7824581986334298,LAR
,VCpred TN,1.0001971387275481,0.08344441009571295,LAR
,MTOR,1.0000250664276864,0.5034618308577306,LAR
,PDGFRB,1.0000061483160567,0.6943669431680901,LAR
,NECTIN4,1.0000064829781405,0.8317967818365045,LAR
,G2M checkpoint,0.9996264477152058,0.0003053000645891117,LAR
,KRAS signaling,0.9999926761298554,0.7259963548927909,LAR
,Preadipocytes,1059261432.1179655,1.6998810375236586e-05,LAR
,Macrophages,0.9999877474342498,0.03690554984422008,LAR
,POLH,0.999945876613939,0.0003895831433809798,LAR
,5T4,12.022407273040614,0.03738839847958932,LAR
,AR gene,657.2000918932632,6.539807036556081e-06,LAR
,CD4+ memory T-cells,0.9999962017654517,0.8901941810994883,LAR
,RAD51C,0.9998210835057925,0.00045735904047494773,LAR
,Tregs,1.0000032827599756,0.21209094863382028,LAR
,MYC targets v2,0.9996149151392739,7.456870645213946e-05,LAR
,NOTCH signaling,0.9999169796367313,0.2427312072402803,LAR
,TF,0.9996091062172361,3.141004225585749e-05,LAR
,CD8+ Tcm,0.9999967409730074,0.32855459302994094,LAR
,NKT,1.0000982686638598,0.06014629964231305,LAR
,Mast cells,1.0000032122554663,0.39555263393092577,LAR
,FOXP3,0.9999922840595519,0.819391627837473,LAR
,PMS1,0.9999829176206008,0.03109642405593597,LAR
,Apical junction,0.9999079971949703,0.050694261616300994,LAR
,IL-iCAF,1.0000137758840506,0.6403031871054501,LAR
,ATR,0.9999470785930842,0.11116406487605032,LAR
,CXCR4,0.9996614164923482,9.489423994419523e-06,LAR
,FLT4,1.0000041309234204,0.9491937294024501,LAR
,Bile acid metabolism,110584.06991005644,1.150908460280125e-06,LAR
,DNMT3B,1.0000233132376255,0.015463672409363327,LAR
,GGI,1.9797792765155887e-08,9.489423994419523e-06,LAR
,Complement,0.9999191615535671,0.28344686641071637,LAR
,iDC,1.0000266407193272,0.010326439239540014,LAR
,BRCA2,0.9999515660698167,0.0059495277677955585,LAR
,ERBB3,1.0003884140200219,0.024359227324403116,LAR
,Fatty acid metabolism,11822.83400309416,5.996001142982561e-07,LAR
,Unnamed: 225,1.0,1.0,LAR
,CD137,0.9999697503671444,0.033672068856345834,LAR
,PSMA,0.9999090304947752,0.004280041047069313,LAR
,Myogenesis,0.9998749697096563,0.06014629964231305,LAR
,NK cells,0.9999999261039875,0.9154245842987188,LAR
,Xenobiotic metabolism,357644.9294328092,5.370345409080926e-07,LAR
,FANCA,0.9997560566046004,0.0001435797949674665,LAR
,RB1,1.0000552345859086,0.1315484734141937,LAR
,Class-switched memory B-cells,815159723851.9893,0.00956274629887955,LAR
,IFNAR1,1.0001197640964126,0.23847494799534086,LAR
,CIN70,1.17330933478161e-07,9.03308531650427e-06,LAR
,Immune2,0.9999071892068128,0.02179652298057664,LAR
,cDC,1.0000051316021568,0.22602310208747023,LAR
,AR,657.2000918932632,6.539807036556081e-06,LAR
,ESR1 gene,1.0001286148149502,0.9703497798660837,LAR
,PALB2,0.9999836603493386,0.06775689412295795,LAR
,Hedgehog signaling,0.9998476081329694,0.017366542818606733,LAR
,AKT1,19.454235480164975,1.6998810375236586e-05,LAR
,BRCA1,0.9999296455759192,0.333839300148717,LAR
,Interferon alpha response,0.9998368782980536,0.444490880398031,LAR
,Coagulation,1.0000357496857548,0.6709858347653985,LAR
,NTRK3,0.9998737620463807,5.9618307754510235e-05,LAR
,CCND1,0.9998830927362732,0.807031511181052,LAR
,Apoptosis,1.0001285077619293,0.06310090164516648,LAR
,CCL5,0.999738600103718,0.0194717227194186,LAR
,Mitotic spindle,0.005995665955666397,0.0015522921942923578,LAR
,CDK2,1.000003225902052,0.6865395223577644,LAR
,CD27,0.9999993820333879,0.47020092503958577,LAR
,RAD50,1.0000251046555866,0.7988179178961806,LAR
,Oxidative phosphorylation,1.000312725913952,0.0005799055519802516,LAR
,CDK6,0.9999136838194654,0.17403720683892354,LAR
,mTORC1 signaling,1.0002201980843521,0.004280041047069313,LAR
,naive B-cells,0.9999996308294182,0.8567301910555958,LAR
,CD8+ T-cells,0.9999964974229886,0.5663239449400068,LAR
,pDC,1.0000060579406544,0.7140770437649064,LAR
,Epithelial cells,1.0000210710049071,0.7743137875749051,LAR
,Trm,0.9998902821885354,0.2025265856559486,LAR
,LIV-1,1.0002419173259693,0.46369746696457115,LAR
,TP53,0.9999430313720187,0.9661164221196323,LAR
,Smooth muscle,0.9999415314685118,0.19879016268315575,LAR
,TLS ST,0.9999373352135329,0.46369746696457115,LAR
,CD47,0.9998776277138682,0.39555263393092577,LAR
,Memory B-cells,0.9999910510778294,0.011838815348445457,LAR
,PDGFC,1.00007623060339,0.007685310487450523,LAR
,CSF1R,0.9998232352954453,0.003264074334907709,LAR
,TLS Cabrita,1.0000484729597852,0.444490880398031,LAR
,CCNE1,0.9997062584262484,1.2121412909909042e-05,LAR
,TLR3,1.0000153858136136,0.5309390350662344,LAR
,ERBB2,1.000319996122403,0.021193750235308662,LAR
,TTK,0.9999659061077149,0.03837024048382922,LAR
,PGR,0.9999996859088814,0.7743137875749051,LAR
,Angiogenesis,0.9999650463640589,0.3780740644186318,LAR
,DNA repair,1.0000152561372906,0.8650745006823914,LAR
,ATM,0.999961952007108,0.02003163579353871,LAR
,MYC targets v1,0.9998288571293451,0.06617446059151175,LAR
,CMP,1.0000040210007366,0.11849471399653086,LAR
,GENE70,8.779006898324166e-12,4.713075789211384e-06,LAR
,Androgen response,1332.447385087252,3.6518956472047e-06,LAR
,DNMT1,0.0033994236759928138,0.004425424269180555,LAR
,wound-myCAF,0.9999802932241207,0.9745839732241649,LAR
,CD4+ naive T-cells,0.999994893645807,0.8650745006823914,LAR
,MPP,1.0000037654203644,0.08344441009571295,LAR
,MSH6,0.99989580633723,0.08156775950912243,LAR
,Neurons,0.9999960298574256,0.5520349606218804,LAR
,p53 pathway,1.000117728811104,0.01787321168868155,LAR
,MSH2,0.9999203771277958,0.13707189947201104,LAR
,Apical surface,0.9999166188028377,0.21404235788132753,LAR
,LAG3,0.9998363972994028,0.011486715876623548,LAR
,EGFR,1.0001459853486463,0.02869173282437534,LAR
,Inflammatory response,0.9998946498310846,0.28344686641071637,LAR
,CD4+ Tem,1.0000092982324558,0.9407404908579982,LAR
,NKG2A,0.9999967322179099,0.06310090164516648,LAR
,MSH3,1156470911.0996912,0.0414482413847767,LAR
,FANCM,0.9999993512561317,0.8650745006823914,LAR
,Epithelial mesenchymal transition,0.99985652300905,0.11116406487605032,LAR
,CD134,0.9999784004573304,0.057307331532249324,LAR
,TLS Lundeberg,0.9999997646262201,0.010169495079857503,LAR
,ESR1,1.0001286153928204,0.9703497798660837,LAR
,NBN,0.9999738428580215,0.37235523677616134,LAR
,GPNMB,0.999805353210463,0.023046956449691566,LAR
,Interferon gamma response,0.9998444911100784,0.39555263393092577,LAR
,CD4+ Tcm,0.9999945320937176,0.0954504090031436,LAR
,CD40,0.9999371996595172,0.057307331532249324,LAR
,Parpi7,0.999973233941212,0.0016099070451872657,LAR
,TIGIT,0.9999823589592135,0.10880167352218593,LAR
,ADA,0.9998898392551943,0.005052778391519477,LAR
,VISTA,0.9999336186731379,0.09335845912555737,LAR
,Peroxisome,71615.3890533481,2.6792829253374326e-06,LAR
,CDK4,1.0000193559946413,0.9322939232266249,LAR
,CLP,0.999990500270596,0.0913034563359301,LAR
,Normal Fibroblast,1.000076535919176,0.19879016268315575,LAR
,B7-H3,0.9998629850094903,0.08730259187081174,LAR
,pro B-cells,0.9999916301072552,0.011486715876623548,LAR
,NTRK1,0.9999963746969643,0.49335491682212307,LAR
,ICOS,0.9999734127824098,0.0954504090031436,LAR
,CAF,0.9999021634477477,0.35002032417050877,LAR
,DC,0.9999965307733448,0.16096756954025182,LAR
,PTEN,22.80287660167566,0.0414482413847767,LAR
,Hypoxia,1.0000611737884029,0.42574649187591795,LAR
,Estrogen response late,2522.736585856138,0.00018534286724947028,LAR
,Monocytes,1.0000000701910934,0.12102078780530208,LAR
,Protein secretion,79.38825397800169,0.00021027611885151407,LAR
,IDO1,0.9999226520467033,0.16577897483639847,LAR
,TLR7,13693.832170444954,0.6102234838866081,LAR
,PIK3CG,0.9999994271701462,0.28344686641071637,LAR
,IL2RA,0.9999759888424865,0.01892553116307404,LAR
,EMSY,0.9999775324697914,0.4900102525346619,LAR
,PLK4,0.999973228882529,0.007445975372901992,LAR
,CTLA4,0.9999809715531601,0.05871256799506402,LAR
,aDC,0.9999208403040614,0.27635758211473005,LAR
,TAM,0.999721243025111,0.06775689412295795,LAR
,TGF beta signaling,1.0000853691298317,0.23427163936763684,LAR
,MLH3,0.9999870972828261,0.42574649187591795,LAR
,MSC,158.4514809501695,0.004729694194018952,LAR
,Neutrophils,0.9999967008356165,0.14569023942502649,LAR
,Cholesterol homeostasis,1.0002058388153363,0.0030470815689242875,LAR
,Unfolded protein response,1.0001792721259037,0.003869502773618266,LAR
,IL2 STAT5 signaling,1.0000737893106753,0.2787071199890089,LAR
,IFNGR1,1.0002640060079622,0.03548874776587864,LAR
,Tgd cells,1.0000001282281126,0.6102234838866081,LAR
,B-cells,0.999991950554362,0.044732816293313306,LAR
,CHEK2,1.1156493085898024e-09,2.861284535089322e-05,LAR
,PMS2,0.9999914488405208,0.06937032386192647,LAR
,CDKN2A,0.9989819543302979,0.000248442339747259,LAR
,CD4+ T-cells,0.9999999384574162,0.14865338444028092,LAR
,MYC,2.334611030907078e-05,1.0965986220000448e-07,LAR
,FLT1,1.00000750856215,0.8901941810994883,LAR
,DCIR,0.9999578863611853,0.033672068856345834,LAR
,VEGFB,0.9998925724207463,0.807031511181052,LAR
,Adipogenesis,2909.5090510971186,4.958156344989345e-06,LAR
,CD96,0.9999844211724925,0.08535587874113781,LAR
,Plasma cells,1.6886141323496148e+42,0.0003053000645891117,LAR
,CXCL12,0.9999807750097576,0.18434809692120802,LAR
,ABRAXAS1,374090.9840020092,0.10419614680529148,LAR
,KDR,1.0000040801556276,0.6479190043416236,LAR
,CD8+ naive T-cells,0.9999893860416627,0.11724727774302843,LAR
,DNMT3A,0.9997138975924497,0.000193327515589084,LAR
,RAD51D,1.5422217584786082e-12,3.780259055053352e-05,LAR
,Stroma1,0.9999461059828072,0.12102078780530208,LAR
,CDKN2C,0.9999049311836327,0.0024726603575886815,LAR
,TRDMT1,0.9999659509285751,0.0013906467800494106,LAR
,Reactive oxygen species pathway,228.19892679637599,0.0002930348787852846,LAR
,CD39,0.9999530658938286,0.17403720683892354,LAR
,NTRK2,0.999804486818398,3.609761582169869e-05,LAR
,PDGFRA,0.9999381872547516,0.06775689412295795,LAR
,PD-L1,0.9999845832905497,0.08250175919889659,LAR
,IFNγ-iCAF,0.9998221338815004,0.09974684555390091,LAR
,TNFA signaling via NF-kB,0.9999604668049961,0.444490880398031,LAR
,Glycolysis,1.0001959745314404,0.0009573002810922571,LAR
,BRIP1,0.999952543640325,0.10195217751241707,LAR
,TIM3,0.9999412070833128,0.011486715876623548,LAR
,TLS Meylan,1.0000043652979878,0.09335845912555737,LAR
,CD40L,0.9999932597019179,0.2025265856559486,LAR
,Adipocytes,1.0000100699991235,0.051963147019262745,LAR
,Basophils,0.9999718821328809,0.7286628135577669,BL
,Heme metabolism,1.0000487820755692,0.4712204870321759,BL
,Immune1,1.000120073530803,0.016152075692838688,BL
,WNT beta catenin signaling,1.0000021802540227,0.9483281473771538,BL
,Th1 cells,1.0000200870321778,0.13408871547996828,BL
,Estrogen response early,0.9998608214819519,0.15504697588694338,BL
,IFNAR2,1.0000805258066245,0.2298193125711343,BL
,PIK3CA,39.81751843578095,0.0841856429671644,BL
,B7-H4,1.6071171417718682,0.0814824696341285,BL
,VEGFA,0.9997539688023127,0.4618869798525833,BL
,Stroma2,0.9999491178027475,0.4526575983451745,BL
,Trop-2,1.6136055509949034,0.07379308630778839,BL
,CCR4,0.9999987756679567,0.6121444622005235,BL
,detox-iCAF,0.17460079567862455,0.02025481260854922,BL
,CDK12,55.61816736324535,0.014542247732096085,BL
,GMP,0.9999994364667786,0.816118153803556,BL
,TGFβ-myCAF,0.1902679361331174,0.01007643554034146,BL
,Fibroblasts,0.9999899009066063,0.6973957020228172,BL
,CD73,1.0000463635592136,0.12824872573606272,BL
,E2F targets,13.185833709770163,0.0001534269399525238,BL
,HDAC1,11.581282738669586,0.003904316124274801,BL
,Myocytes,0.9999988271005821,0.6014870012912893,BL
,Endothelial cells,12524.898511562269,0.6391458702402872,BL
,Th2 cells,87.08862804091777,0.02025481260854922,BL
,BARD1,20.007954585783352,0.004299705365849497,BL
,TLR2,14.496692206404326,0.025740637850766836,BL
,GITR,0.9999170432872071,0.9574371277941807,BL
,MLH1,1.000011799789093,0.8339269916399912,BL
,Eosinophils,1.0000021306286135,0.33864428151174875,BL
,CD8+ Tem,0.9999987311380316,0.9756705835051107,BL
,PI3K AKT mTOR signaling,1.000089758443443,0.412438284989037,BL
,ecm-myCAF,0.18680100411419098,0.007533082381617464,BL
,PD1,1.000001111178999,0.002801500307688196,BL
,IL6 JAK STAT3 signaling,1.0001649370761703,0.21820262131455737,BL
,Pericytes,0.9999899802985431,0.35426397613237515,BL
,VCpred TN,0.9998818446854001,0.7058749073934327,BL
,MTOR,7.7589237306694745,0.475925971429878,BL
,PDGFRB,0.9998646059053417,0.842864072335427,BL
,NECTIN4,1.0001103297706757,0.31975143187857946,BL
,G2M checkpoint,10.743355666802426,0.00011616817177268304,BL
,KRAS signaling,0.9998952188465774,0.11020172474792345,BL
,Preadipocytes,0.9999761808436856,0.015328566801966897,BL
,Macrophages,1.0000089918892086,0.18973058682413335,BL
,POLH,1.0000161387740347,0.12446657373244793,BL
,5T4,0.9999741012625034,0.8637941905857929,BL
,AR gene,0.9995212144615757,0.5144810911324467,BL
,CD4+ memory T-cells,1.000002895943161,0.7516930676118405,BL
,RAD51C,3.7645438274376044,0.053266322929657293,BL
,Tregs,0.9999966642177008,0.9878338775188275,BL
,MYC targets v2,38.51160710135709,1.0306211834360484e-05,BL
,NOTCH signaling,1.000022869606783,0.6446055746556594,BL
,TF,1.000118122158986,0.2210664469218162,BL
,CD8+ Tcm,0.9999962323015076,0.9544001243793087,BL
,NKT,0.39787595350922866,0.26076636990906,BL
,Mast cells,1.0000009541315,0.5444281473351575,BL
,FOXP3,0.9999794843237976,0.6583384355371129,BL
,PMS1,252.9891183687342,0.021520784157009937,BL
,Apical junction,0.5977517422622923,0.7172374006412114,BL
,IL-iCAF,0.18371088522579038,0.11364077330488767,BL
,ATR,13.44342591912684,0.08015753574327882,BL
,CXCR4,3.9824303998170083,0.010762335366703523,BL
,FLT4,0.9999713161624519,0.996958358877523,BL
,Bile acid metabolism,0.12099354113717684,0.11020172474792345,BL
,DNMT3B,42.1681305222369,0.4256035117064887,BL
,GGI,375469.19081769616,2.4097761257516662e-06,BL
,Complement,1.0001657727688138,0.10357064564578984,BL
,iDC,0.9999931078374755,0.9544001243793087,BL
,BRCA2,2260.507565182517,0.00032457976057062663,BL
,ERBB3,1.8030247147623117,0.2210664469218162,BL
,Fatty acid metabolism,0.9998917749765495,0.4300458488404595,BL
,Unnamed: 225,1.0,1.0,BL
,CD137,0.9999498182301869,0.012526577389689821,BL
,PSMA,1.0000203937036238,0.04294475426444931,BL
,Myogenesis,0.16359650247798574,0.026251003414426162,BL
,NK cells,1.0000002864041087,0.10684542538186748,BL
,Xenobiotic metabolism,0.9998136236918733,0.06338051555905001,BL
,FANCA,2.8865817624594254,1.461553001908019e-05,BL
,RB1,0.999988636499621,0.9301316167985205,BL
,Class-switched memory B-cells,0.9999877776871057,0.10851330807365002,BL
,IFNAR1,1.0000109969868791,0.8938573249695105,BL
,CIN70,76991.35264058562,2.0736022085369684e-06,BL
,Immune2,67.5775497107115,0.0009493361189239133,BL
,cDC,0.9999929454051992,0.8578037248101023,BL
,AR,0.9995212144615757,0.5144810911324467,BL
,ESR1 gene,0.9999447166579484,0.0437349109436728,BL
,PALB2,99890388.19666809,0.005325183839528785,BL
,Hedgehog signaling,1.000051167814483,0.700217970005719,BL
,AKT1,0.9998745340149204,0.5293469130001236,BL
,BRCA1,12.003536885996308,0.03372348150840631,BL
,Interferon alpha response,3.1397233633572346,0.02285509622103006,BL
,Coagulation,0.22679488491694744,0.059159004706871084,BL
,NTRK3,1.000028608810153,0.475925971429878,BL
,CCND1,0.6858569378809898,0.0957322100992202,BL
,Apoptosis,0.9998707427684241,0.17595659230108307,BL
,CCL5,1.7693946924079011,0.002908162272883607,BL
,Mitotic spindle,16.079411203348243,0.002261698887931258,BL
,CDK2,3.1432612814364265,0.04787219263360139,BL
,CD27,0.9999886806351357,0.9422591697969558,BL
,RAD50,16.444694653757455,0.04453731033588013,BL
,Oxidative phosphorylation,1.0000178781451656,0.7286628135577669,BL
,CDK6,1.0000527393179461,0.9847926783877431,BL
,mTORC1 signaling,1.0001206629144803,0.3425071440030961,BL
,naive B-cells,1.0000003422929387,0.5194121411469339,BL
,CD8+ T-cells,0.9999975746534243,0.33864428151174875,BL
,pDC,0.9999864202298943,0.055659162798120956,BL
,Epithelial cells,1.0000005318403762,0.8102024337799598,BL
,Trm,2.6199717575352337,0.07885016001374683,BL
,LIV-1,0.999953077733016,0.7749466109909431,BL
,TP53,1.000005006024254,0.7058749073934327,BL
,Smooth muscle,1.0000233373707421,0.7984037832097312,BL
,TLS ST,0.9998531809446819,0.39104061117924915,BL
,CD47,2.752079751887007,0.0013106621046935867,BL
,Memory B-cells,0.9999968479817928,0.34057220421941614,BL
,PDGFC,0.9999514856573909,0.23578983720887803,BL
,CSF1R,1.0000472303694334,0.2268747117246268,BL
,TLS Cabrita,0.2501001156188952,0.03636116829034379,BL
,CCNE1,69.5403601807458,1.316904265508991e-05,BL
,TLR3,1.0000083460285947,0.24186927839764483,BL
,ERBB2,0.2606031847139041,0.0013819899722270468,BL
,TTK,50877.897186304326,0.00220489145570491,BL
,PGR,0.9999982182006552,0.5046924941868332,BL
,Angiogenesis,0.24262634572614153,0.09126188812895177,BL
,DNA repair,23.210556311010233,0.018288964245759015,BL
,ATM,419.0418801750847,0.021520784157009937,BL
,MYC targets v1,7.12125997270608,0.005451799383047392,BL
,CMP,0.9999969366735301,0.38684341274082046,BL
,GENE70,1.0000683632645468,0.14638326322100595,BL
,Androgen response,0.9998914749385585,0.4345149933792719,BL
,DNMT1,149.8938289822672,5.239426947634151e-05,BL
,wound-myCAF,0.09004100215966078,0.0002972075376083265,BL
,CD4+ naive T-cells,0.999989056515314,0.9059279106619867,BL
,MPP,0.9999982791664663,0.5022607756483923,BL
,MSH6,7.624545946580164,0.02109134376198324,BL
,Neurons,1.5106404216307538e-42,0.005985882897496885,BL
,p53 pathway,0.20436011541173432,0.23578983720887803,BL
,MSH2,2.9120291995239245,0.27058830551338,BL
,Apical surface,0.9999487870084812,0.6391458702402872,BL
,LAG3,0.9999569961770828,0.20701403584721212,BL
,EGFR,0.9998242778154407,0.7984037832097312,BL
,Inflammatory response,1.0001578634603823,0.2575478833129571,BL
,CD4+ Tem,0.9999867405196415,0.8102024337799598,BL
,NKG2A,1.0000017043022238,0.40379716339323035,BL
,MSH3,0.9999874873387834,0.7866509944516636,BL
,FANCM,1.0000111371740161,0.4256035117064887,BL
,Epithelial mesenchymal transition,0.11127278358422828,0.005325183839528785,BL
,CD134,1.000002144054985,0.08980962979555898,BL
,TLS Lundeberg,1.0000001727480514,0.0025663752785913146,BL
,ESR1,0.9999447144706641,0.0437349109436728,BL
,NBN,21.643521616167156,0.024745603273113755,BL
,GPNMB,2.8324791613591622,0.011998074534870604,BL
,Interferon gamma response,3.7679143785963882,0.035685783975192564,BL
,CD4+ Tcm,0.9999970395350568,0.8102024337799598,BL
,CD40,0.999944018338903,0.4345149933792719,BL
,Parpi7,0.9999923683960288,0.6500845137175548,BL
,TIGIT,752.0291479130864,0.018860393552098276,BL
,ADA,5.617135007378057,0.2772754401540968,BL
,VISTA,1.000046212125127,0.4526575983451745,BL
,Peroxisome,0.9999581661799651,0.6889541188794346,BL
,CDK4,3.655057807182509,0.024745603273113755,BL
,CLP,12.197043675928002,0.3463980638591144,BL
,Normal Fibroblast,0.06551115388795846,0.019054309526091853,BL
,B7-H3,0.7293987945259587,0.763293143376228,BL
,pro B-cells,1.0000094051596773,0.09726068995723808,BL
,NTRK1,1.0000010520675415,0.9878338775188275,BL
,ICOS,0.9999951963277308,0.0024402621415366274,BL
,CAF,0.10486983592712358,0.017916484675001825,BL
,DC,0.999998278109407,0.15727256600181688,BL
,PTEN,0.39319874862683923,0.5700288453228475,BL
,Hypoxia,0.1219026488820236,0.06447392751272678,BL
,Estrogen response late,0.10269761774263314,0.06558286176224765,BL
,Monocytes,1.0000000001207117,0.990875253438761,BL
,Protein secretion,0.9999431550386293,0.8279807600660511,BL
,IDO1,3.078121370067434,0.0038107734834233785,BL
,TLR7,0.9999394258725702,0.03636116829034379,BL
,PIK3CG,1.0000004615729416,0.5961898596295409,BL
,IL2RA,68.79732660190338,0.20157850497579077,BL
,EMSY,0.9999986349492457,0.3160572278578291,BL
,PLK4,9865525.296259427,8.218355257981793e-05,BL
,CTLA4,0.9999718403539567,0.10684542538186748,BL
,aDC,1.000043098956884,0.06447392751272678,BL
,TAM,2.3774130168236582,0.071365803818472,BL
,TGF beta signaling,0.22563018821034617,0.08015753574327882,BL
,MLH3,0.9999585963054684,0.7807925943588659,BL
,MSC,0.999861750381703,0.15615676303691378,BL
,Neutrophils,1.000001212050834,0.7459138155922631,BL
,Cholesterol homeostasis,1.0000157956596654,0.990875253438761,BL
,Unfolded protein response,1.0001355360401216,0.1595222845160078,BL
,IL2 STAT5 signaling,1.000038078183323,0.6889541188794346,BL
,IFNGR1,1.0000496303954989,0.7925214963835043,BL
,Tgd cells,1.000000000431636,0.801349246362646,BL
,B-cells,0.9999878135636131,0.4167996394514498,BL
,CHEK2,168200.39831205294,0.00022750200727005192,BL
,PMS2,26273194.415837884,0.14851366117430026,BL
,CDKN2A,2.1239637704809256,0.006875644874163917,BL
,CD4+ T-cells,1.0000002413209348,0.6555824355898462,BL
,MYC,6.672774857609861,0.0010580075957516105,BL
,FLT1,1.0000081727046861,0.2575478833129571,BL
,DCIR,0.9999605368200406,0.0927329661465939,BL
,VEGFB,0.9999201914928468,0.2575478833129571,BL
,Adipogenesis,0.9998816712877954,0.3087532097795255,BL
,CD96,1.0000049467278824,0.004564913759601055,BL
,Plasma cells,1.096734551844609e-10,0.1833742557511573,BL
,CXCL12,0.9999982649173461,0.9604747491612675,BL
,ABRAXAS1,0.9999923934610947,0.7115481455223285,BL
,KDR,0.9999885028031048,0.30514338701430044,BL
,CD8+ naive T-cells,11706.711270890986,0.37441765481823874,BL
,DNMT3A,1.7567413727838135,0.05713738324756214,BL
,RAD51D,335.0761035748303,0.012798479082607983,BL
,Stroma1,0.10629223283608366,0.0701769265733219,BL
,CDKN2C,26.101833529172097,0.06447392751272678,BL
,TRDMT1,1.0000374384877488,0.02838087098387358,BL
,Reactive oxygen species pathway,1.0000014690187573,0.7984037832097312,BL
,CD39,0.999991447601469,0.13408871547996828,BL
,NTRK2,0.99981215232973,0.20157850497579077,BL
,PDGFRA,0.9999159812939287,0.26076636990906,BL
,PD-L1,1.0000135353667323,0.030074465823333053,BL
,IFNγ-iCAF,2.347179122015649,0.15066765629897957,BL
,TNFA signaling via NF-kB,1.0000479888983738,0.7172374006412114,BL
,Glycolysis,0.9999009163829741,0.2640125707280345,BL
,BRIP1,1.0000536033606213,0.06338051555905001,BL
,TIM3,1.0000291417734843,0.011242363855895405,BL
,TLS Meylan,0.9999640110266738,0.3425071440030961,BL
,CD40L,512.3671635604072,0.005516120788651105,BL
,Adipocytes,0.9999902129605641,0.7807925943588659,BL
